ONC Code,Region_Name,Column2,Column3,Column4,Date,Column6,Parent_Code,Code_Type,DLUHC,Status,Column11,Column12,Column13,Column14
E06000001,Hartlepool,,1111/1001,GSS re-coding strategy,01/01/2009 00:00,,E12000001,E06,DLUHC,live,9834.66,9371.26,0,9371.26
E06000002,Middlesbrough,,1111/1001,GSS re-coding strategy,01/01/2009 00:00,,E12000001,E06,DLUHC,live,5455.37,5388.16,0,5388.16
E06000003,Redcar and Cleveland,,1111/1001,GSS re-coding strategy,01/01/2009 00:00,,E12000001,E06,DLUHC,live,25378.57,24506.98,0,24506.98
E06000004,Stockton-on-Tees,,1111/1001,GSS re-coding strategy,01/01/2009 00:00,,E12000001,E06,DLUHC,live,20973.09,20493.31,0,20493.31
E06000005,Darlington,,1111/1001,GSS re-coding strategy,01/01/2009 00:00,,E12000001,E06,DLUHC,live,19747.58,19747.58,0,19747.58
E06000006,Halton,,1111/1001,GSS re-coding strategy,01/01/2009 00:00,,E12000002,E06,DLUHC,live,9032.15,7908.39,0,7908.39
E06000007,Warrington,,1111/1001,GSS re-coding strategy,01/01/2009 00:00,,E12000002,E06,DLUHC,live,18238.34,18062.79,0,18062.79
E06000008,Blackburn with Darwen,,1111/1001,GSS re-coding strategy,01/01/2009 00:00,,E12000002,E06,DLUHC,live,13702.21,13702.21,0,13702.21
E06000009,Blackpool,,1111/1001,GSS re-coding strategy,01/01/2009 00:00,,E12000002,E06,DLUHC,live,4315.08,3487.09,0,3487.09
E06000010,Kingston upon Hull, City of,1111/1001,GSS re-coding strategy,01/01/2009 00:00,,E12000003,E06,DLUHC,live,8149.74,7158.37,0,7158.37
E06000011,East Riding of Yorkshire,,1111/1001,GSS re-coding strategy,01/01/2009 00:00,,E12000003,E06,DLUHC,live,249509.7,240499.54,116.96,240382.58
E06000012,North East Lincolnshire,,1111/1001,GSS re-coding strategy,01/01/2009 00:00,,E12000003,E06,DLUHC,live,20266.26,19262.29,0,19262.29
E06000013,North Lincolnshire,,1111/1001,GSS re-coding strategy,01/01/2009 00:00,,E12000003,E06,DLUHC,live,87568.45,84649.92,0,84649.92
E06000014,York,,1111/1001,GSS re-coding strategy,01/01/2009 00:00,,E12000003,E06,DLUHC,live,27201.48,27193.7,0,27193.7
E06000015,Derby,,1111/1001,GSS re-coding strategy,01/01/2009 00:00,,E12000004,E06,DLUHC,live,7803.11,7803.11,0,7803.11
E06000016,Leicester,,1111/1001,GSS re-coding strategy,01/01/2009 00:00,,E12000004,E06,DLUHC,live,7334.21,7334.21,0,7334.21
E06000017,Rutland,,1111/1001,GSS re-coding strategy,01/01/2009 00:00,,E12000004,E06,DLUHC,live,39374.9,39374.9,1191.77,38183.13
E06000018,Nottingham,,1111/1001,GSS re-coding strategy,01/01/2009 00:00,,E12000004,E06,DLUHC,live,7461.32,7461.32,0,7461.32
E06000019,Herefordshire, County of,1111/1001,GSS re-coding strategy,01/01/2009 00:00,,E12000005,E06,DLUHC,live,217970.94,217970.94,0,217970.94
E06000020,Telford and Wrekin,,1111/1001,GSS re-coding strategy,01/01/2009 00:00,,E12000005,E06,DLUHC,live,29031.37,29031.37,0,29031.37
E06000021,Stoke-on-Trent,,1111/1001,GSS re-coding strategy,01/01/2009 00:00,,E12000005,E06,DLUHC,live,9344.85,9344.85,0,9344.85
E06000022,Bath and North East Somerset,,1111/1001,GSS re-coding strategy,01/01/2009 00:00,,E12000009,E06,DLUHC,live,35112.35,35112.35,524.49,34587.86
E06000023,Bristol, City of,1111/1001,GSS re-coding strategy,01/01/2009 00:00,,E12000009,E06,DLUHC,live,23542.48,10969.99,0,10969.99
E06000024,North Somerset,,1111/1001,GSS re-coding strategy,01/01/2009 00:00,,E12000009,E06,DLUHC,live,39070.4,37460.51,88.76,37371.75
E06000025,South Gloucestershire,,1111/1001,GSS re-coding strategy,01/01/2009 00:00,,E12000009,E06,DLUHC,live,53642.17,49703.57,0,49703.57
E06000026,Plymouth,,1111/1001,GSS re-coding strategy,01/01/2009 00:00,,E12000009,E06,DLUHC,live,8436.99,7984.97,0,7984.97
E06000027,Torbay,,1111/1001,GSS re-coding strategy,01/01/2009 00:00,,E12000009,E06,DLUHC,live,11946.65,6288.67,0,6288.67
E06000028,Bournemouth,,1111/1001,GSS re-coding strategy,01/01/2009 00:00,31/03/2019 00:00,E12000009,E06,DLUHC,terminated,4716.82,4617.81,0,4617.81
E06000029,Poole,,1111/1001,GSS re-coding strategy,01/01/2009 00:00,31/03/2019 00:00,E12000009,E06,DLUHC,terminated,7471.62,6476.78,0,6476.78
E06000030,Swindon,,1111/1001,GSS re-coding strategy,01/01/2009 00:00,,E12000009,E06,DLUHC,live,23009.33,23009.33,0,23009.33
E06000031,Peterborough,,1111/1001,GSS re-coding strategy,01/01/2009 00:00,,E12000006,E06,DLUHC,live,34343.79,34337.82,0,34337.82
E06000032,Luton,,1111/1001,GSS re-coding strategy,01/01/2009 00:00,,E12000006,E06,DLUHC,live,4335.25,4335.25,0,4335.25
E06000033,Southend-on-Sea,,1111/1001,GSS re-coding strategy,01/01/2009 00:00,,E12000006,E06,DLUHC,live,6786.41,4167.42,0,4167.42
E06000034,Thurrock,,1111/1001,GSS re-coding strategy,01/01/2009 00:00,,E12000006,E06,DLUHC,live,18431.8,16383.71,0,16383.71
E06000035,Medway,,1111/1001,GSS re-coding strategy,01/01/2009 00:00,,E12000008,E06,DLUHC,live,26906.37,19371.42,0,19371.42
E06000036,Bracknell Forest,,1111/1001,GSS re-coding strategy,01/01/2009 00:00,,E12000008,E06,DLUHC,live,10938.43,10938.43,0,10938.43
E06000037,West Berkshire,,1111/1001,GSS re-coding strategy,01/01/2009 00:00,,E12000008,E06,DLUHC,live,70416.94,70416.94,0,70416.94
E06000038,Reading,,1111/1001,GSS re-coding strategy,01/01/2009 00:00,,E12000008,E06,DLUHC,live,4039.79,4039.79,0,4039.79
E06000039,Slough,,1111/1001,GSS re-coding strategy,01/01/2009 00:00,,E12000008,E06,DLUHC,live,3254.19,3254.19,0,3254.19
E06000040,Windsor and Maidenhead,,1111/1001,GSS re-coding strategy,01/01/2009 00:00,,E12000008,E06,DLUHC,live,19842.72,19842.72,192.55,19650.17
E06000041,Wokingham,,1111/1001,GSS re-coding strategy,01/01/2009 00:00,,E12000008,E06,DLUHC,live,17896.55,17896.55,0,17896.55
E06000042,Milton Keynes,,1111/1001,GSS re-coding strategy,01/01/2009 00:00,,E12000008,E06,DLUHC,live,30862.67,30862.67,0,30862.67
E06000043,Brighton and Hove,,1111/1001,GSS re-coding strategy,01/01/2009 00:00,,E12000008,E06,DLUHC,live,8538.6,8283.31,0,8283.31
E06000044,Portsmouth,,1111/1001,GSS re-coding strategy,01/01/2009 00:00,,E12000008,E06,DLUHC,live,6013.59,4039.12,0,4039.12
E06000045,Southampton,,1111/1001,GSS re-coding strategy,01/01/2009 00:00,,E12000008,E06,DLUHC,live,5638.53,4988.08,0,4988.08
E06000046,Isle of Wight,,1111/1001,GSS re-coding strategy,01/01/2009 00:00,,E12000008,E06,DLUHC,live,39282.89,37961.47,0,37961.47
E06000047,County Durham,,493/2008,The County Durham (Structural Change) Order 2008,01/04/2009 00:00,,E12000001,E06,DLUHC,live,223261.15,223145.97,557.38,222588.59
E06000048,Northumberland,,494/2008,The Northumberland (Structural Change) Order 2008,01/04/2009 00:00,31/03/2013 00:00,E12000001,E06,DLUHC,terminated,507834.94,502608.89,1241.26,501367.63
E06000049,Cheshire East,,634/2008,The Cheshire (Structural Changes) Order 2008,01/04/2009 00:00,,E12000002,E06,DLUHC,live,116635.77,116635.77,0,116635.77
E06000050,Cheshire West and Chester,,634/2008,The Cheshire (Structural Changes) Order 2008,01/04/2009 00:00,,E12000002,E06,DLUHC,live,94120.7,92001.77,0,92001.77
E06000051,Shropshire,,492/2008,The Shropshire (Structural Change) Order 2008,01/04/2009 00:00,,E12000005,E06,DLUHC,live,319727.58,319727.58,0,319727.58
E06000052,Cornwall,,491/2008,The Cornwall (Structural Change) Order 2008,01/04/2009 00:00,,E12000009,E06,DLUHC,live,361205.97,354893.35,350.55,354542.8
E06000053,Isles of Scilly,,491/2008,The Cornwall (Structural Change) Order 2008,01/04/2009 00:00,,E12000009,E06,DLUHC,live,2284.95,1633.76,0,1633.76
E06000054,Wiltshire,,490/2008,The Wiltshire (Structural Change) Order 2008,01/04/2009 00:00,,E12000009,E06,DLUHC,live,325533.8,325533.8,0,325533.8
E06000055,Bedford,,907/2008,The Bedfordshire (Structural Changes) Order 2008,01/04/2009 00:00,,E12000006,E06,DLUHC,live,47640.82,47640.82,0,47640.82
E06000056,Central Bedfordshire,,907/2008,The Bedfordshire (Structural Changes) Order 2008,01/04/2009 00:00,,E12000006,E06,DLUHC,live,71566.57,71566.57,0,71566.57
E06000057,Northumberland,,595/2013,The Gateshead and Northumberland (Boundary Change) Order 2013,01/04/2013 00:00,,E12000001,E06,DLUHC,live,507747.57,503075.16,1241.25,501833.91
E06000058,Bournemouth, Christchurch and Poole,648/2018,The Bournemouth, Dorset and Poole (Structural Changes) Order 2018,01/04/2019 00:00,E12000009,E06,DLUHC,live,17393.22,16207.01,0,0
E06000059,Dorset,,648/2018,The Bournemouth, Dorset and Poole (Structural Changes) Order 2018,01/04/2019 00:00,E12000009,E06,DLUHC,live,252107.5,249095.69,0,0
E06000060,Buckinghamshire,,957/2019,The Buckinghamshire (Structural Changes) Order 2019,01/04/2020 00:00,,E12000008,E06,DLUHC,live,156493.77,156493.77,0,156493.77
E06000061,North Northamptonshire,,156/2020,The Northamptonshire (Structural Changes) Order 2020,01/04/2021 00:00,,E12000004,E06,DLUHC,live,98659.46,98659.46,0,98659.46
E06000062,West Northamptonshire,,156/2020,The Northamptonshire (Structural Changes) Order 2020,01/04/2021 00:00,,E12000004,E06,DLUHC,live,138039.58,138039.58,298.49,137741.09
E06000063,Cumberland,,331/2022,The Cumbria (Structural Changes) Order 2022,01/04/2023 00:00,,E12000002,E06,DLUHC,live,315297.6,303424.98,2203.13,301221.85
E06000064,Westmorland and Furness,,331/2022,The Cumbria (Structural Changes) Order 2022,01/04/2023 00:00,,E12000002,E06,DLUHC,live,403200.96,378927.78,3356.43,375571.35
E06000065,North Yorkshire,,328/2022,The North Yorkshire (Structural Changes) Order 2022,01/04/2023 00:00,,E12000003,E06,DLUHC,live,805231.26,804005.34,259.97,803745.37
E06000066,Somerset,,329/2022,The Somerset (Structural Changes) Order 2022,01/04/2023 00:00,,E12000009,E06,DLUHC,live,351489.53,345169.5,148.97,345020.53
E07000001,Mid Bedfordshire,,1111/1001,GSS re-coding strategy,01/01/2009 00:00,31/03/2009 00:00,E10000001,E07,DLUHC,terminated,,,,
E07000002,Bedford,,1111/1001,GSS re-coding strategy,01/01/2009 00:00,31/03/2009 00:00,E10000001,E07,DLUHC,terminated,,,,
E07000003,South Bedfordshire,,1111/1001,GSS re-coding strategy,01/01/2009 00:00,31/03/2009 00:00,E10000001,E07,DLUHC,terminated,,,,
E07000004,Aylesbury Vale,,1111/1001,GSS re-coding strategy,01/01/2009 00:00,31/03/2020 00:00,E10000002,E07,DLUHC,terminated,90275.33,90275.33,0,90275.33
E07000005,Chiltern,,1111/1001,GSS re-coding strategy,01/01/2009 00:00,31/03/2020 00:00,E10000002,E07,DLUHC,terminated,19634.83,19634.83,0,19634.83
E07000006,South Bucks,,1111/1001,GSS re-coding strategy,01/01/2009 00:00,31/03/2020 00:00,E10000002,E07,DLUHC,terminated,14127.55,14127.55,0,14127.55
E07000007,Wycombe,,1111/1001,GSS re-coding strategy,01/01/2009 00:00,31/03/2020 00:00,E10000002,E07,DLUHC,terminated,32457.2,32457.2,0,32457.2
E07000008,Cambridge,,1111/1001,GSS re-coding strategy,01/01/2009 00:00,,E10000003,E07,DLUHC,live,4069.87,4069.87,0,4069.87
E07000009,East Cambridgeshire,,1111/1001,GSS re-coding strategy,01/01/2009 00:00,,E10000003,E07,DLUHC,live,65172.04,65128.6,0,65128.6
E07000010,Fenland,,1111/1001,GSS re-coding strategy,01/01/2009 00:00,,E10000003,E07,DLUHC,live,54735.54,54645.02,0,54645.02
E07000011,Huntingdonshire,,1111/1001,GSS re-coding strategy,01/01/2009 00:00,,E10000003,E07,DLUHC,live,91254.61,91245.55,627.95,90617.6
E07000012,South Cambridgeshire,,1111/1001,GSS re-coding strategy,01/01/2009 00:00,,E10000003,E07,DLUHC,live,90168.73,90162.5,0,90162.5
E07000013,Chester,,1111/1001,GSS re-coding strategy,01/01/2009 00:00,31/03/2009 00:00,E10000004,E07,DLUHC,terminated,,,,
E07000014,Congleton,,1111/1001,GSS re-coding strategy,01/01/2009 00:00,31/03/2009 00:00,E10000004,E07,DLUHC,terminated,,,,
E07000015,Crewe and Nantwich,,1111/1001,GSS re-coding strategy,01/01/2009 00:00,31/03/2009 00:00,E10000004,E07,DLUHC,terminated,,,,
E07000016,Ellesmere Port & Neston,,1111/1001,GSS re-coding strategy,01/01/2009 00:00,31/03/2009 00:00,E10000004,E07,DLUHC,terminated,,,,
E07000017,Macclesfield,,1111/1001,GSS re-coding strategy,01/01/2009 00:00,31/03/2009 00:00,E10000004,E07,DLUHC,terminated,,,,
E07000018,Vale Royal,,1111/1001,GSS re-coding strategy,01/01/2009 00:00,31/03/2009 00:00,E10000004,E07,DLUHC,terminated,,,,
E07000019,Caradon,,1111/1001,GSS re-coding strategy,01/01/2009 00:00,31/03/2009 00:00,E10000005,E07,DLUHC,terminated,,,,
E07000020,Carrick,,1111/1001,GSS re-coding strategy,01/01/2009 00:00,31/03/2009 00:00,E10000005,E07,DLUHC,terminated,,,,
E07000021,Kerrier,,1111/1001,GSS re-coding strategy,01/01/2009 00:00,31/03/2009 00:00,E10000005,E07,DLUHC,terminated,,,,
E07000022,North Cornwall,,1111/1001,GSS re-coding strategy,01/01/2009 00:00,31/03/2009 00:00,E10000005,E07,DLUHC,terminated,,,,
E07000023,Penwith,,1111/1001,GSS re-coding strategy,01/01/2009 00:00,31/03/2009 00:00,E10000005,E07,DLUHC,terminated,,,,
E07000024,Restormel,,1111/1001,GSS re-coding strategy,01/01/2009 00:00,31/03/2009 00:00,E10000005,E07,DLUHC,terminated,,,,
E07000025,Isles of Scilly,,1111/1001,GSS re-coding strategy,01/01/2009 00:00,31/03/2009 00:00,E10000005,E07,DLUHC,terminated,,,,
E07000026,Allerdale,,1111/1001,GSS re-coding strategy,01/01/2009 00:00,31/03/2023 00:00,E10000006,E07,DLUHC,terminated,131896.48,125829.17,1615.96,124213.21
E07000027,Barrow-in-Furness,,1111/1001,GSS re-coding strategy,01/01/2009 00:00,31/03/2023 00:00,E10000006,E07,DLUHC,terminated,13207.53,7789.71,0,7789.71
E07000028,Carlisle,,1111/1001,GSS re-coding strategy,01/01/2009 00:00,31/03/2023 00:00,E10000006,E07,DLUHC,terminated,105611.88,103830,0,103830
E07000029,Copeland,,1111/1001,GSS re-coding strategy,01/01/2009 00:00,31/03/2023 00:00,E10000006,E07,DLUHC,terminated,77571.76,73763.13,587.16,73175.97
E07000030,Eden,,1111/1001,GSS re-coding strategy,01/01/2009 00:00,31/03/2023 00:00,E10000006,E07,DLUHC,terminated,215647.46,215647.46,1410.35,214237.11
E07000031,South Lakeland,,1111/1001,GSS re-coding strategy,01/01/2009 00:00,31/03/2023 00:00,E10000006,E07,DLUHC,terminated,174341.33,155492.37,1946.09,153546.28
E07000032,Amber Valley,,1111/1001,GSS re-coding strategy,01/01/2009 00:00,,E10000007,E07,DLUHC,live,26543.79,26543.79,0,26543.79
E07000033,Bolsover,,1111/1001,GSS re-coding strategy,01/01/2009 00:00,,E10000007,E07,DLUHC,live,16033.47,16033.47,0,16033.47
E07000034,Chesterfield,,1111/1001,GSS re-coding strategy,01/01/2009 00:00,,E10000007,E07,DLUHC,live,6603.52,6603.52,0,6603.52
E07000035,Derbyshire Dales,,1111/1001,GSS re-coding strategy,01/01/2009 00:00,,E10000007,E07,DLUHC,live,79531.78,79531.78,289.37,79242.41
E07000036,Erewash,,1111/1001,GSS re-coding strategy,01/01/2009 00:00,,E10000007,E07,DLUHC,live,10963.01,10963.01,0,10963.01
E07000037,High Peak,,1111/1001,GSS re-coding strategy,01/01/2009 00:00,,E10000007,E07,DLUHC,live,54025.41,54025.41,111.08,53914.33
E07000038,North East Derbyshire,,1111/1001,GSS re-coding strategy,01/01/2009 00:00,,E10000007,E07,DLUHC,live,27562.34,27562.34,0,27562.34
E07000039,South Derbyshire,,1111/1001,GSS re-coding strategy,01/01/2009 00:00,,E10000007,E07,DLUHC,live,33812.69,33812.69,0,33812.69
E07000040,East Devon,,1111/1001,GSS re-coding strategy,01/01/2009 00:00,,E10000008,E07,DLUHC,live,82267.56,81422.69,0,81422.69
E07000041,Exeter,,1111/1001,GSS re-coding strategy,01/01/2009 00:00,,E10000008,E07,DLUHC,live,4788.84,4703.31,0,4703.31
E07000042,Mid Devon,,1111/1001,GSS re-coding strategy,01/01/2009 00:00,,E10000008,E07,DLUHC,live,91289.78,91289.78,0,91289.78
E07000043,North Devon,,1111/1001,GSS re-coding strategy,01/01/2009 00:00,,E10000008,E07,DLUHC,live,110472.04,108585.76,0,108585.76
E07000044,South Hams,,1111/1001,GSS re-coding strategy,01/01/2009 00:00,,E10000008,E07,DLUHC,live,90520.09,88651.04,0,88651.04
E07000045,Teignbridge,,1111/1001,GSS re-coding strategy,01/01/2009 00:00,,E10000008,E07,DLUHC,live,68008.34,67377.08,0,67377.08
E07000046,Torridge,,1111/1001,GSS re-coding strategy,01/01/2009 00:00,,E10000008,E07,DLUHC,live,99520.34,98529.35,146.46,98382.89
E07000047,West Devon,,1111/1001,GSS re-coding strategy,01/01/2009 00:00,,E10000008,E07,DLUHC,live,116471.75,116110.7,143.36,115967.34
E07000048,Christchurch,,1111/1001,GSS re-coding strategy,01/01/2009 00:00,31/03/2019 00:00,E10000009,E07,DLUHC,terminated,5169.55,5037.58,0,5037.58
E07000049,East Dorset,,1111/1001,GSS re-coding strategy,01/01/2009 00:00,31/03/2019 00:00,E10000009,E07,DLUHC,terminated,35441.79,35441.79,0,35441.79
E07000050,North Dorset,,1111/1001,GSS re-coding strategy,01/01/2009 00:00,31/03/2019 00:00,E10000009,E07,DLUHC,terminated,60921.78,60921.78,0,60921.78
E07000051,Purbeck,,1111/1001,GSS re-coding strategy,01/01/2009 00:00,31/03/2019 00:00,E10000009,E07,DLUHC,terminated,42758.38,40441.24,0,40441.24
E07000052,West Dorset,,1111/1001,GSS re-coding strategy,01/01/2009 00:00,31/03/2019 00:00,E10000009,E07,DLUHC,terminated,108706.2,108152.83,0,108152.83
E07000053,Weymouth and Portland,,1111/1001,GSS re-coding strategy,01/01/2009 00:00,31/03/2019 00:00,E10000009,E07,DLUHC,terminated,4299.62,4177.81,0,4177.81
E07000054,Chester-le-Street,,1111/1001,GSS re-coding strategy,01/01/2009 00:00,31/03/2009 00:00,E10000010,E07,DLUHC,terminated,,,,
E07000055,Derwentside,,1111/1001,GSS re-coding strategy,01/01/2009 00:00,31/03/2009 00:00,E10000010,E07,DLUHC,terminated,,,,
E07000056,Durham,,1111/1001,GSS re-coding strategy,01/01/2009 00:00,31/03/2009 00:00,E10000010,E07,DLUHC,terminated,,,,
E07000057,Easington,,1111/1001,GSS re-coding strategy,01/01/2009 00:00,31/03/2009 00:00,E10000010,E07,DLUHC,terminated,,,,
E07000058,Sedgefield,,1111/1001,GSS re-coding strategy,01/01/2009 00:00,31/03/2009 00:00,E10000010,E07,DLUHC,terminated,,,,
E07000059,Teesdale,,1111/1001,GSS re-coding strategy,01/01/2009 00:00,31/03/2009 00:00,E10000010,E07,DLUHC,terminated,,,,
E07000060,Wear Valley,,1111/1001,GSS re-coding strategy,01/01/2009 00:00,31/03/2009 00:00,E10000010,E07,DLUHC,terminated,,,,
E07000061,Eastbourne,,1111/1001,GSS re-coding strategy,01/01/2009 00:00,,E10000011,E07,DLUHC,live,4533.12,4416.15,0,4416.15
E07000062,Hastings,,1111/1001,GSS re-coding strategy,01/01/2009 00:00,,E10000011,E07,DLUHC,live,3080.11,2979.61,0,2979.61
E07000063,Lewes,,1111/1001,GSS re-coding strategy,01/01/2009 00:00,,E10000011,E07,DLUHC,live,29441.28,29210.7,0,29210.7
E07000064,Rother,,1111/1001,GSS re-coding strategy,01/01/2009 00:00,,E10000011,E07,DLUHC,live,51712.34,51175.39,231.26,50944.13
E07000065,Wealden,,1111/1001,GSS re-coding strategy,01/01/2009 00:00,,E10000011,E07,DLUHC,live,83619.06,83494.81,182.26,83312.55
E07000066,Basildon,,1111/1001,GSS re-coding strategy,01/01/2009 00:00,,E10000012,E07,DLUHC,live,11044.59,11000.1,0,11000.1
E07000067,Braintree,,1111/1001,GSS re-coding strategy,01/01/2009 00:00,,E10000012,E07,DLUHC,live,61170.79,61170.79,0,61170.79
E07000068,Brentwood,,1111/1001,GSS re-coding strategy,01/01/2009 00:00,,E10000012,E07,DLUHC,live,15312.41,15312.41,0,15312.41
E07000069,Castle Point,,1111/1001,GSS re-coding strategy,01/01/2009 00:00,,E10000012,E07,DLUHC,live,6369.84,4467.34,0,4467.34
E07000070,Chelmsford,,1111/1001,GSS re-coding strategy,01/01/2009 00:00,,E10000012,E07,DLUHC,live,34299.72,34222.75,346.93,33875.82
E07000071,Colchester,,1111/1001,GSS re-coding strategy,01/01/2009 00:00,,E10000012,E07,DLUHC,live,34677.32,33232.53,410.14,32822.39
E07000072,Epping Forest,,1111/1001,GSS re-coding strategy,01/01/2009 00:00,,E10000012,E07,DLUHC,live,33898.42,33898.42,0,33898.42
E07000073,Harlow,,1111/1001,GSS re-coding strategy,01/01/2009 00:00,,E10000012,E07,DLUHC,live,3053.79,3053.79,0,3053.79
E07000074,Maldon,,1111/1001,GSS re-coding strategy,01/01/2009 00:00,,E10000012,E07,DLUHC,live,42805.97,35781.57,0,35781.57
E07000075,Rochford,,1111/1001,GSS re-coding strategy,01/01/2009 00:00,,E10000012,E07,DLUHC,live,26306.3,16727.41,0,16727.41
E07000076,Tendring,,1111/1001,GSS re-coding strategy,01/01/2009 00:00,,E10000012,E07,DLUHC,live,36615.74,33629.53,0,33629.53
E07000077,Uttlesford,,1111/1001,GSS re-coding strategy,01/01/2009 00:00,,E10000012,E07,DLUHC,live,64118.29,64118.29,0,64118.29
E07000078,Cheltenham,,1111/1001,GSS re-coding strategy,01/01/2009 00:00,,E10000013,E07,DLUHC,live,4659.61,4659.61,0,4659.61
E07000079,Cotswold,,1111/1001,GSS re-coding strategy,01/01/2009 00:00,,E10000013,E07,DLUHC,live,116452.42,116452.42,0,116452.42
E07000080,Forest of Dean,,1111/1001,GSS re-coding strategy,01/01/2009 00:00,,E10000013,E07,DLUHC,live,56143.24,52589.93,0,52589.93
E07000081,Gloucester,,1111/1001,GSS re-coding strategy,01/01/2009 00:00,,E10000013,E07,DLUHC,live,4082.66,4055.3,0,4055.3
E07000082,Stroud,,1111/1001,GSS re-coding strategy,01/01/2009 00:00,,E10000013,E07,DLUHC,live,47617.3,46054.2,0,46054.2
E07000083,North Gloucestershire,,6001/2025,Name Change,01/01/2025 00:00,02/01/2025 00:00,E10000013,E07,DLUHC,terminated,,,,
E07000083,Tewkesbury,,1111/1001,GSS re-coding strategy,01/01/2009 00:00,31/12/2024 00:00,E10000013,E07,DLUHC,terminated,41497.6,41441.44,0,41441.44
E07000083,Tewkesbury,,,Name Change revoked,03/01/2025 00:00,,E10000013,E07,DLUHC,live,41497.6,41441.44,0,41441.44
E07000084,Basingstoke and Deane,,1111/1001,GSS re-coding strategy,01/01/2009 00:00,,E10000014,E07,DLUHC,live,63381.73,63381.73,0,63381.73
E07000085,East Hampshire,,1111/1001,GSS re-coding strategy,01/01/2009 00:00,,E10000014,E07,DLUHC,live,51443.22,51443.22,0,51443.22
E07000086,Eastleigh,,1111/1001,GSS re-coding strategy,01/01/2009 00:00,,E10000014,E07,DLUHC,live,8527.98,7967.88,0,7967.88
E07000087,Fareham,,1111/1001,GSS re-coding strategy,01/01/2009 00:00,,E10000014,E07,DLUHC,live,7789.67,7426.01,0,7426.01
E07000088,Gosport,,1111/1001,GSS re-coding strategy,01/01/2009 00:00,,E10000014,E07,DLUHC,live,2760.77,2537.37,0,2537.37
E07000089,Hart,,1111/1001,GSS re-coding strategy,01/01/2009 00:00,,E10000014,E07,DLUHC,live,21526.5,21526.5,0,21526.5
E07000090,Havant,,1111/1001,GSS re-coding strategy,01/01/2009 00:00,,E10000014,E07,DLUHC,live,7894.63,5573.98,0,5573.98
E07000091,New Forest,,1111/1001,GSS re-coding strategy,01/01/2009 00:00,,E10000014,E07,DLUHC,live,77628.57,75217.54,0,75217.54
E07000092,Rushmoor,,1111/1001,GSS re-coding strategy,01/01/2009 00:00,,E10000014,E07,DLUHC,live,3904.5,3904.5,0,3904.5
E07000093,Test Valley,,1111/1001,GSS re-coding strategy,01/01/2009 00:00,,E10000014,E07,DLUHC,live,62762.19,62759.53,0,62759.53
E07000094,Winchester,,1111/1001,GSS re-coding strategy,01/01/2009 00:00,,E10000014,E07,DLUHC,live,66106.08,66097.03,0,66097.03
E07000095,Broxbourne,,1111/1001,GSS re-coding strategy,01/01/2009 00:00,,E10000015,E07,DLUHC,live,5144.22,5144.22,0,5144.22
E07000096,Dacorum,,1111/1001,GSS re-coding strategy,01/01/2009 00:00,,E10000015,E07,DLUHC,live,21247.66,21247.66,0,21247.66
E07000097,East Hertfordshire,,1111/1001,GSS re-coding strategy,01/01/2009 00:00,31/03/2013 00:00,E10000015,E07,DLUHC,terminated,47568.6,47568.6,0,47568.6
E07000098,Hertsmere,,1111/1001,GSS re-coding strategy,01/01/2009 00:00,,E10000015,E07,DLUHC,live,10112.82,10112.82,0,10112.82
E07000099,North Hertfordshire,,1111/1001,GSS re-coding strategy,01/01/2009 00:00,,E10000015,E07,DLUHC,live,37538.21,37538.21,0,37538.21
E07000100,St Albans,,1111/1001,GSS re-coding strategy,01/01/2009 00:00,31/03/2012 00:00,E10000015,E07,DLUHC,terminated,,,,
E07000101,Stevenage,,1111/1001,GSS re-coding strategy,01/01/2009 00:00,31/03/2013 00:00,E10000015,E07,DLUHC,terminated,2596.36,2596.36,0,2596.36
E07000102,Three Rivers,,1111/1001,GSS re-coding strategy,01/01/2009 00:00,,E10000015,E07,DLUHC,live,8882.42,8882.42,0,8882.42
E07000103,Watford,,1111/1001,GSS re-coding strategy,01/01/2009 00:00,,E10000015,E07,DLUHC,live,2143.05,2143.05,0,2143.05
E07000104,Welwyn Hatfield,,1111/1001,GSS re-coding strategy,01/01/2009 00:00,31/03/2012 00:00,E10000015,E07,DLUHC,terminated,,,,
E07000105,Ashford,,1111/1001,GSS re-coding strategy,01/01/2009 00:00,,E10000016,E07,DLUHC,live,58061.72,58061.72,0,58061.72
E07000106,Canterbury,,1111/1001,GSS re-coding strategy,01/01/2009 00:00,,E10000016,E07,DLUHC,live,31857.81,30875.26,0,30875.26
E07000107,Dartford,,1111/1001,GSS re-coding strategy,01/01/2009 00:00,,E10000016,E07,DLUHC,live,7631.04,7272.55,0,7272.55
E07000108,Dover,,1111/1001,GSS re-coding strategy,01/01/2009 00:00,,E10000016,E07,DLUHC,live,32078.12,31533.79,0,31533.79
E07000109,Gravesham,,1111/1001,GSS re-coding strategy,01/01/2009 00:00,,E10000016,E07,DLUHC,live,10495.86,9899.13,0,9899.13
E07000110,Maidstone,,1111/1001,GSS re-coding strategy,01/01/2009 00:00,,E10000016,E07,DLUHC,live,39335.07,39332.94,0,39332.94
E07000111,Sevenoaks,,1111/1001,GSS re-coding strategy,01/01/2009 00:00,,E10000016,E07,DLUHC,live,37034.69,37034.69,111.62,36923.07
E07000112,Folkestone and Hythe,,6001/2018,Name Change,01/04/2018 00:00,,E10000016,E07,DLUHC,live,36546.73,35692.1,0,35692.1
E07000112,Shepway,,1111/1001,GSS re-coding strategy,01/01/2009 00:00,31/03/2018 00:00,E10000016,E07,DLUHC,terminated,36546.73,35692.1,0,35692.1
E07000113,Swale,,1111/1001,GSS re-coding strategy,01/01/2009 00:00,,E10000016,E07,DLUHC,live,42202.85,37343.68,0,37343.68
E07000114,Thanet,,1111/1001,GSS re-coding strategy,01/01/2009 00:00,,E10000016,E07,DLUHC,live,11246.41,10360.91,0,10360.91
E07000115,Tonbridge and Malling,,1111/1001,GSS re-coding strategy,01/01/2009 00:00,,E10000016,E07,DLUHC,live,24097.35,24011.42,0,24011.42
E07000116,Tunbridge Wells,,1111/1001,GSS re-coding strategy,01/01/2009 00:00,,E10000016,E07,DLUHC,live,33132.87,33132.87,0,33132.87
E07000117,Burnley,,1111/1001,GSS re-coding strategy,01/01/2009 00:00,,E10000017,E07,DLUHC,live,11068.4,11068.4,0,11068.4
E07000118,Chorley,,1111/1001,GSS re-coding strategy,01/01/2009 00:00,,E10000017,E07,DLUHC,live,20290.57,20276.24,0,20276.24
E07000119,Fylde,,1111/1001,GSS re-coding strategy,01/01/2009 00:00,,E10000017,E07,DLUHC,live,18262.87,16569.69,0,16569.69
E07000120,Hyndburn,,1111/1001,GSS re-coding strategy,01/01/2009 00:00,,E10000017,E07,DLUHC,live,7299.75,7299.75,0,7299.75
E07000121,Lancaster,,1111/1001,GSS re-coding strategy,01/01/2009 00:00,,E10000017,E07,DLUHC,live,65402.7,56693.59,0,56693.59
E07000122,Pendle,,1111/1001,GSS re-coding strategy,01/01/2009 00:00,,E10000017,E07,DLUHC,live,16938.01,16938.01,0,16938.01
E07000123,Preston,,1111/1001,GSS re-coding strategy,01/01/2009 00:00,,E10000017,E07,DLUHC,live,14294.48,14228.41,0,14228.41
E07000124,Ribble Valley,,1111/1001,GSS re-coding strategy,01/01/2009 00:00,,E10000017,E07,DLUHC,live,58447.14,58447.14,128.58,58318.56
E07000125,Rossendale,,1111/1001,GSS re-coding strategy,01/01/2009 00:00,,E10000017,E07,DLUHC,live,13804.12,13804.12,0,13804.12
E07000126,South Ribble,,1111/1001,GSS re-coding strategy,01/01/2009 00:00,,E10000017,E07,DLUHC,live,11461.49,11314.17,0,11314.17
E07000127,West Lancashire,,1111/1001,GSS re-coding strategy,01/01/2009 00:00,,E10000017,E07,DLUHC,live,38138.03,34663.31,0,34663.31
E07000128,Wyre,,1111/1001,GSS re-coding strategy,01/01/2009 00:00,,E10000017,E07,DLUHC,live,32877.15,28216.49,0,28216.49
E07000129,Blaby,,1111/1001,GSS re-coding strategy,01/01/2009 00:00,,E10000018,E07,DLUHC,live,13046.86,13046.86,0,13046.86
E07000130,Charnwood,,1111/1001,GSS re-coding strategy,01/01/2009 00:00,,E10000018,E07,DLUHC,live,27904.26,27904.26,0,27904.26
E07000131,Harborough,,1111/1001,GSS re-coding strategy,01/01/2009 00:00,,E10000018,E07,DLUHC,live,59269.21,59269.21,89.55,59179.66
E07000132,Hinckley and Bosworth,,1111/1001,GSS re-coding strategy,01/01/2009 00:00,,E10000018,E07,DLUHC,live,29735.14,29735.14,0,29735.14
E07000133,Melton,,1111/1001,GSS re-coding strategy,01/01/2009 00:00,,E10000018,E07,DLUHC,live,48138.06,48138.06,0,48138.06
E07000134,North West Leicestershire,,1111/1001,GSS re-coding strategy,01/01/2009 00:00,,E10000018,E07,DLUHC,live,27932.8,27932.8,0,27932.8
E07000135,Oadby and Wigston,,1111/1001,GSS re-coding strategy,01/01/2009 00:00,,E10000018,E07,DLUHC,live,2352.61,2352.61,0,2352.61
E07000136,Boston,,1111/1001,GSS re-coding strategy,01/01/2009 00:00,,E10000019,E07,DLUHC,live,39779.27,36489,0,36489
E07000137,East Lindsey,,1111/1001,GSS re-coding strategy,01/01/2009 00:00,,E10000019,E07,DLUHC,live,183085.72,176677.31,0,176677.31
E07000138,Lincoln,,1111/1001,GSS re-coding strategy,01/01/2009 00:00,,E10000019,E07,DLUHC,live,3569.02,3569.02,0,3569.02
E07000139,North Kesteven,,1111/1001,GSS re-coding strategy,01/01/2009 00:00,,E10000019,E07,DLUHC,live,92247.13,92247.13,0,92247.13
E07000140,South Holland,,1111/1001,GSS re-coding strategy,01/01/2009 00:00,,E10000019,E07,DLUHC,live,81550.37,75090.84,0,75090.84
E07000141,South Kesteven,,1111/1001,GSS re-coding strategy,01/01/2009 00:00,,E10000019,E07,DLUHC,live,94258.6,94258.6,0,94258.6
E07000142,West Lindsey,,1111/1001,GSS re-coding strategy,01/01/2009 00:00,,E10000019,E07,DLUHC,live,115765.23,115573.21,0,115573.21
E07000143,Breckland,,1111/1001,GSS re-coding strategy,01/01/2009 00:00,,E10000020,E07,DLUHC,live,130511.68,130511.68,0,130511.68
E07000144,Broadland,,1111/1001,GSS re-coding strategy,01/01/2009 00:00,,E10000020,E07,DLUHC,live,55324.44,55206.1,0,55206.1
E07000145,Great Yarmouth,,1111/1001,GSS re-coding strategy,01/01/2009 00:00,,E10000020,E07,DLUHC,live,18242.07,17433.09,0,17433.09
E07000146,King's Lynn and West Norfolk,,1111/1001,GSS re-coding strategy,01/01/2009 00:00,,E10000020,E07,DLUHC,live,152690.09,143948.01,0,143948.01
E07000147,North Norfolk,,1111/1001,GSS re-coding strategy,01/01/2009 00:00,,E10000020,E07,DLUHC,live,98999.14,96755.34,158.64,96596.7
E07000148,Norwich,,1111/1001,GSS re-coding strategy,01/01/2009 00:00,,E10000020,E07,DLUHC,live,4055.41,3902.2,0,3902.2
E07000149,South Norfolk,,1111/1001,GSS re-coding strategy,01/01/2009 00:00,,E10000020,E07,DLUHC,live,90890.64,90757.66,0,90757.66
E07000150,Corby,,1111/1001,GSS re-coding strategy,01/01/2009 00:00,31/03/2021 00:00,E10000021,E07,DLUHC,terminated,8028.1,8028.1,0,8028.1
E07000151,Daventry,,1111/1001,GSS re-coding strategy,01/01/2009 00:00,31/03/2021 00:00,E10000021,E07,DLUHC,terminated,66560.05,66560.05,298.48,66261.57
E07000152,East Northamptonshire,,1111/1001,GSS re-coding strategy,01/01/2009 00:00,31/03/2021 00:00,E10000021,E07,DLUHC,terminated,50978.71,50978.71,0,50978.71
E07000153,Kettering,,1111/1001,GSS re-coding strategy,01/01/2009 00:00,31/03/2021 00:00,E10000021,E07,DLUHC,terminated,23349,23349,0,23349
E07000154,Northampton,,1111/1001,GSS re-coding strategy,01/01/2009 00:00,31/03/2021 00:00,E10000021,E07,DLUHC,terminated,8077.18,8077.18,0,8077.18
E07000155,South Northamptonshire,,1111/1001,GSS re-coding strategy,01/01/2009 00:00,31/03/2021 00:00,E10000021,E07,DLUHC,terminated,63402.32,63402.32,0,63402.32
E07000156,Wellingborough,,1111/1001,GSS re-coding strategy,01/01/2009 00:00,31/03/2021 00:00,E10000021,E07,DLUHC,terminated,16303.64,16303.64,0,16303.64
E07000157,Alnwick,,1111/1001,GSS re-coding strategy,01/01/2009 00:00,31/03/2009 00:00,E10000022,E07,DLUHC,terminated,,,,
E07000158,Berwick-upon-Tweed,,1111/1001,GSS re-coding strategy,01/01/2009 00:00,31/03/2009 00:00,E10000022,E07,DLUHC,terminated,,,,
E07000159,Blyth Valley,,1111/1001,GSS re-coding strategy,01/01/2009 00:00,31/03/2009 00:00,E10000022,E07,DLUHC,terminated,,,,
E07000160,Castle Morpeth,,1111/1001,GSS re-coding strategy,01/01/2009 00:00,31/03/2009 00:00,E10000022,E07,DLUHC,terminated,,,,
E07000161,Tynedale,,1111/1001,GSS re-coding strategy,01/01/2009 00:00,31/03/2009 00:00,E10000022,E07,DLUHC,terminated,,,,
E07000162,Wansbeck,,1111/1001,GSS re-coding strategy,01/01/2009 00:00,31/03/2009 00:00,E10000022,E07,DLUHC,terminated,,,,
E07000163,Craven,,1111/1001,GSS re-coding strategy,01/01/2009 00:00,31/03/2023 00:00,E10000023,E07,DLUHC,terminated,117880.73,117880.73,141.92,117738.81
E07000164,Hambleton,,1111/1001,GSS re-coding strategy,01/01/2009 00:00,31/03/2023 00:00,E10000023,E07,DLUHC,terminated,131122.82,131122.82,0,131122.82
E07000165,Harrogate,,1111/1001,GSS re-coding strategy,01/01/2009 00:00,31/03/2023 00:00,E10000023,E07,DLUHC,terminated,130912.79,130912.79,118.05,130794.74
E07000166,Richmondshire,,1111/1001,GSS re-coding strategy,01/01/2009 00:00,31/03/2023 00:00,E10000023,E07,DLUHC,terminated,131870.74,131870.74,0,131870.74
E07000167,Ryedale,,1111/1001,GSS re-coding strategy,01/01/2009 00:00,31/03/2023 00:00,E10000023,E07,DLUHC,terminated,150659.37,150659.37,0,150659.37
E07000168,Scarborough,,1111/1001,GSS re-coding strategy,01/01/2009 00:00,31/03/2023 00:00,E10000023,E07,DLUHC,terminated,82550.51,81618.83,0,81618.83
E07000169,Selby,,1111/1001,GSS re-coding strategy,01/01/2009 00:00,31/03/2023 00:00,E10000023,E07,DLUHC,terminated,60222.32,59931.08,0,59931.08
E07000170,Ashfield,,1111/1001,GSS re-coding strategy,01/01/2009 00:00,,E10000024,E07,DLUHC,live,10955.81,10955.81,0,10955.81
E07000171,Bassetlaw,,1111/1001,GSS re-coding strategy,01/01/2009 00:00,,E10000024,E07,DLUHC,live,63949.26,63780.33,0,63780.33
E07000172,Broxtowe,,1111/1001,GSS re-coding strategy,01/01/2009 00:00,,E10000024,E07,DLUHC,live,8009.89,8009.89,0,8009.89
E07000173,Gedling,,1111/1001,GSS re-coding strategy,01/01/2009 00:00,,E10000024,E07,DLUHC,live,11998.17,11998.17,0,11998.17
E07000174,Mansfield,,1111/1001,GSS re-coding strategy,01/01/2009 00:00,,E10000024,E07,DLUHC,live,7669.71,7669.71,0,7669.71
E07000175,Newark and Sherwood,,1111/1001,GSS re-coding strategy,01/01/2009 00:00,,E10000024,E07,DLUHC,live,65183.54,65134.06,0,65134.06
E07000176,Rushcliffe,,1111/1001,GSS re-coding strategy,01/01/2009 00:00,,E10000024,E07,DLUHC,live,40923.17,40923.17,0,40923.17
E07000177,Cherwell,,1111/1001,GSS re-coding strategy,01/01/2009 00:00,,E10000025,E07,DLUHC,live,58874.12,58874.12,0,58874.12
E07000178,Oxford,,1111/1001,GSS re-coding strategy,01/01/2009 00:00,,E10000025,E07,DLUHC,live,4560.27,4560.27,0,4560.27
E07000179,South Oxfordshire,,1111/1001,GSS re-coding strategy,01/01/2009 00:00,,E10000025,E07,DLUHC,live,67852.13,67852.13,0,67852.13
E07000180,Vale of White Horse,,1111/1001,GSS re-coding strategy,01/01/2009 00:00,,E10000025,E07,DLUHC,live,57866.02,57866.02,101.58,57764.44
E07000181,West Oxfordshire,,1111/1001,GSS re-coding strategy,01/01/2009 00:00,,E10000025,E07,DLUHC,live,71442.2,71442.2,0,71442.2
E07000182,Bridgnorth,,1111/1001,GSS re-coding strategy,01/01/2009 00:00,31/03/2009 00:00,E10000026,E07,DLUHC,terminated,,,,
E07000183,North Shropshire,,1111/1001,GSS re-coding strategy,01/01/2009 00:00,31/03/2009 00:00,E10000026,E07,DLUHC,terminated,,,,
E07000184,Oswestry,,1111/1001,GSS re-coding strategy,01/01/2009 00:00,31/03/2009 00:00,E10000026,E07,DLUHC,terminated,,,,
E07000185,Shrewsbury and Atcham,,1111/1001,GSS re-coding strategy,01/01/2009 00:00,31/03/2009 00:00,E10000026,E07,DLUHC,terminated,,,,
E07000186,South Shropshire,,1111/1001,GSS re-coding strategy,01/01/2009 00:00,31/03/2009 00:00,E10000026,E07,DLUHC,terminated,,,,
E07000187,Mendip,,1111/1001,GSS re-coding strategy,01/01/2009 00:00,31/03/2023 00:00,E10000027,E07,DLUHC,terminated,73943.56,73943.56,0,73943.56
E07000188,Sedgemoor,,1111/1001,GSS re-coding strategy,01/01/2009 00:00,31/03/2023 00:00,E10000027,E07,DLUHC,terminated,60594.76,56454.36,0,56454.36
E07000189,South Somerset,,1111/1001,GSS re-coding strategy,01/01/2009 00:00,31/03/2023 00:00,E10000027,E07,DLUHC,terminated,95905.8,95904.01,0,95904.01
E07000190,Taunton Deane,,1111/1001,GSS re-coding strategy,01/01/2009 00:00,31/03/2019 00:00,E10000027,E07,DLUHC,terminated,46250.31,46236.73,0,46236.73
E07000191,West Somerset,,1111/1001,GSS re-coding strategy,01/01/2009 00:00,31/03/2019 00:00,E10000027,E07,DLUHC,terminated,74698.34,72689.76,148.97,72540.79
E07000192,Cannock Chase,,1111/1001,GSS re-coding strategy,01/01/2009 00:00,,E10000028,E07,DLUHC,live,7888.25,7888.25,0,7888.25
E07000193,East Staffordshire,,1111/1001,GSS re-coding strategy,01/01/2009 00:00,,E10000028,E07,DLUHC,live,38998.73,38998.73,302.78,38695.95
E07000194,Lichfield,,1111/1001,GSS re-coding strategy,01/01/2009 00:00,,E10000028,E07,DLUHC,live,33129.44,33129.44,0,33129.44
E07000195,Newcastle-under-Lyme,,1111/1001,GSS re-coding strategy,01/01/2009 00:00,,E10000028,E07,DLUHC,live,21095.74,21095.74,0,21095.74
E07000196,South Staffordshire,,1111/1001,GSS re-coding strategy,01/01/2009 00:00,,E10000028,E07,DLUHC,live,40732.23,40732.23,0,40732.23
E07000197,Stafford,,1111/1001,GSS re-coding strategy,01/01/2009 00:00,,E10000028,E07,DLUHC,live,59817.21,59817.21,0,59817.21
E07000198,Staffordshire Moorlands,,1111/1001,GSS re-coding strategy,01/01/2009 00:00,,E10000028,E07,DLUHC,live,57584.98,57584.98,0,57584.98
E07000199,Tamworth,,1111/1001,GSS re-coding strategy,01/01/2009 00:00,,E10000028,E07,DLUHC,live,3085.07,3085.07,0,3085.07
E07000200,Babergh,,1111/1001,GSS re-coding strategy,01/01/2009 00:00,,E10000029,E07,DLUHC,live,61163.99,59511.63,139.24,59372.39
E07000201,Forest Heath,,1111/1001,GSS re-coding strategy,01/01/2009 00:00,31/03/2019 00:00,E10000029,E07,DLUHC,terminated,37771.09,37771.09,0,37771.09
E07000202,Ipswich,,1111/1001,GSS re-coding strategy,01/01/2009 00:00,,E10000029,E07,DLUHC,live,4030.02,3950.98,0,3950.98
E07000203,Mid Suffolk,,1111/1001,GSS re-coding strategy,01/01/2009 00:00,,E10000029,E07,DLUHC,live,87107.06,87107.06,0,87107.06
E07000204,St Edmundsbury,,1111/1001,GSS re-coding strategy,01/01/2009 00:00,31/03/2019 00:00,E10000029,E07,DLUHC,terminated,65696.49,65696.49,0,65696.49
E07000205,Suffolk Coastal,,1111/1001,GSS re-coding strategy,01/01/2009 00:00,31/03/2019 00:00,E10000029,E07,DLUHC,terminated,92070.04,89172.94,0,89172.94
E07000206,Waveney,,1111/1001,GSS re-coding strategy,01/01/2009 00:00,31/03/2019 00:00,E10000029,E07,DLUHC,terminated,37478.63,37013.17,0,37013.17
E07000207,Elmbridge,,1111/1001,GSS re-coding strategy,01/01/2009 00:00,,E10000030,E07,DLUHC,live,9633.43,9633.43,128.2,9505.23
E07000208,Epsom and Ewell,,1111/1001,GSS re-coding strategy,01/01/2009 00:00,,E10000030,E07,DLUHC,live,3407.94,3407.94,0,3407.94
E07000209,Guildford,,1111/1001,GSS re-coding strategy,01/01/2009 00:00,,E10000030,E07,DLUHC,live,27093.11,27093.11,0,27093.11
E07000210,Mole Valley,,1111/1001,GSS re-coding strategy,01/01/2009 00:00,,E10000030,E07,DLUHC,live,25832.11,25832.11,0,25832.11
E07000211,Reigate and Banstead,,1111/1001,GSS re-coding strategy,01/01/2009 00:00,,E10000030,E07,DLUHC,live,12914.39,12914.39,0,12914.39
E07000212,Runnymede,,1111/1001,GSS re-coding strategy,01/01/2009 00:00,,E10000030,E07,DLUHC,live,7804.07,7804.07,0,7804.07
E07000213,Spelthorne,,1111/1001,GSS re-coding strategy,01/01/2009 00:00,,E10000030,E07,DLUHC,live,5116.13,5116.13,627.34,4488.79
E07000214,Surrey Heath,,1111/1001,GSS re-coding strategy,01/01/2009 00:00,,E10000030,E07,DLUHC,live,9509.3,9509.3,0,9509.3
E07000215,Tandridge,,1111/1001,GSS re-coding strategy,01/01/2009 00:00,,E10000030,E07,DLUHC,live,24819.47,24819.47,0,24819.47
E07000216,Waverley,,1111/1001,GSS re-coding strategy,01/01/2009 00:00,,E10000030,E07,DLUHC,live,34517.03,34517.03,0,34517.03
E07000217,Woking,,1111/1001,GSS re-coding strategy,01/01/2009 00:00,,E10000030,E07,DLUHC,live,6360.34,6360.34,0,6360.34
E07000218,North Warwickshire,,1111/1001,GSS re-coding strategy,01/01/2009 00:00,,E10000031,E07,DLUHC,live,28426.13,28426.13,0,28426.13
E07000219,Nuneaton and Bedworth,,1111/1001,GSS re-coding strategy,01/01/2009 00:00,,E10000031,E07,DLUHC,live,7895.04,7895.04,0,7895.04
E07000220,Rugby,,1111/1001,GSS re-coding strategy,01/01/2009 00:00,,E10000031,E07,DLUHC,live,35355.73,35355.73,244.4,35111.33
E07000221,Stratford-on-Avon,,1111/1001,GSS re-coding strategy,01/01/2009 00:00,,E10000031,E07,DLUHC,live,97786.94,97786.94,0,97786.94
E07000222,Warwick,,1111/1001,GSS re-coding strategy,01/01/2009 00:00,,E10000031,E07,DLUHC,live,28288.22,28288.22,0,28288.22
E07000223,Adur,,1111/1001,GSS re-coding strategy,01/01/2009 00:00,,E10000032,E07,DLUHC,live,4364.79,4206.55,0,4206.55
E07000224,Arun,,1111/1001,GSS re-coding strategy,01/01/2009 00:00,,E10000032,E07,DLUHC,live,22470.32,22099.12,0,22099.12
E07000225,Chichester,,1111/1001,GSS re-coding strategy,01/01/2009 00:00,,E10000032,E07,DLUHC,live,81241.49,78619.47,0,78619.47
E07000226,Crawley,,1111/1001,GSS re-coding strategy,01/01/2009 00:00,,E10000032,E07,DLUHC,live,4497.11,4497.11,0,4497.11
E07000227,Horsham,,1111/1001,GSS re-coding strategy,01/01/2009 00:00,,E10000032,E07,DLUHC,live,53096.24,53027.87,0,53027.87
E07000228,Mid Sussex,,1111/1001,GSS re-coding strategy,01/01/2009 00:00,,E10000032,E07,DLUHC,live,33402.94,33402.94,0,33402.94
E07000229,Worthing,,1111/1001,GSS re-coding strategy,01/01/2009 00:00,,E10000032,E07,DLUHC,live,3378.31,3252.09,0,3252.09
E07000230,Kennet,,1111/1001,GSS re-coding strategy,01/01/2009 00:00,31/03/2009 00:00,E10000033,E07,DLUHC,terminated,,,,
E07000231,North Wiltshire,,1111/1001,GSS re-coding strategy,01/01/2009 00:00,31/03/2009 00:00,E10000033,E07,DLUHC,terminated,,,,
E07000232,Salisbury,,1111/1001,GSS re-coding strategy,01/01/2009 00:00,31/03/2009 00:00,E10000033,E07,DLUHC,terminated,,,,
E07000233,West Wiltshire,,1111/1001,GSS re-coding strategy,01/01/2009 00:00,31/03/2009 00:00,E10000033,E07,DLUHC,terminated,,,,
E07000234,Bromsgrove,,1111/1001,GSS re-coding strategy,01/01/2009 00:00,,E10000034,E07,DLUHC,live,21696.84,21696.84,0,21696.84
E07000235,Malvern Hills,,1111/1001,GSS re-coding strategy,01/01/2009 00:00,,E10000034,E07,DLUHC,live,57707.1,57707.1,0,57707.1
E07000236,Redditch,,1111/1001,GSS re-coding strategy,01/01/2009 00:00,,E10000034,E07,DLUHC,live,5425.09,5425.09,0,5425.09
E07000237,Worcester,,1111/1001,GSS re-coding strategy,01/01/2009 00:00,,E10000034,E07,DLUHC,live,3327.82,3327.82,0,3327.82
E07000238,Wychavon,,1111/1001,GSS re-coding strategy,01/01/2009 00:00,,E10000034,E07,DLUHC,live,66354.18,66354.18,0,66354.18
E07000239,Wyre Forest,,1111/1001,GSS re-coding strategy,01/01/2009 00:00,,E10000034,E07,DLUHC,live,19540.38,19540.38,0,19540.38
E07000240,St Albans,,667/2012,The St Albans and Welwyn Hatfield (Boundary Change) Order 2012,01/04/2012 00:00,,E10000015,E07,DLUHC,live,16120.58,16120.58,0,16120.58
E07000241,Welwyn Hatfield,,667/2012,The St Albans and Welwyn Hatfield (Boundary Change) Order 2012,01/04/2012 00:00,,E10000015,E07,DLUHC,live,12953.68,12953.68,0,12953.68
E07000242,East Hertfordshire,,596/2013,The East Hertfordshire and Stevenage (Boundary Change) Order 2013,01/04/2013 00:00,,E10000015,E07,DLUHC,live,47566.95,47566.95,0,47566.95
E07000243,Stevenage,,596/2013,The East Hertfordshire and Stevenage (Boundary Change) Order 2013,01/04/2013 00:00,,E10000015,E07,DLUHC,live,2596.92,2596.92,0,2596.92
E07000244,East Suffolk,,640/2018,The East Suffolk (Local Government Changes) Order 2018,01/04/2019 00:00,,E10000029,E07,DLUHC,live,129476.61,126098.97,0,126098.97
E07000245,West Suffolk,,639/2018,The West Suffolk (Local Government Changes) Order 2018,01/04/2019 00:00,,E10000029,E07,DLUHC,live,103467.56,103467.56,0,103467.56
E07000246,Somerset West and Taunton,,649/2018,The Somerset West and Taunton (Local Government Changes) Order 2018,01/04/2019 00:00,31/03/2023 00:00,E10000027,E07,DLUHC,terminated,121054.31,118908.44,148.97,118759.47
E08000001,Bolton,,1111/1001,GSS re-coding strategy,01/01/2009 00:00,,E12000002,E08,DLUHC,live,13979.23,13979.23,0,13979.23
E08000002,Bury,,1111/1001,GSS re-coding strategy,01/01/2009 00:00,,E12000002,E08,DLUHC,live,9946.01,9946.01,0,9946.01
E08000003,Manchester,,1111/1001,GSS re-coding strategy,01/01/2009 00:00,,E12000002,E08,DLUHC,live,11564.83,11564.83,0,11564.83
E08000004,Oldham,,1111/1001,GSS re-coding strategy,01/01/2009 00:00,,E12000002,E08,DLUHC,live,14234.5,14234.5,0,14234.5
E08000005,Rochdale,,1111/1001,GSS re-coding strategy,01/01/2009 00:00,,E12000002,E08,DLUHC,live,15812.83,15812.83,0,15812.83
E08000006,Salford,,1111/1001,GSS re-coding strategy,01/01/2009 00:00,,E12000002,E08,DLUHC,live,9719.74,9719.74,0,9719.74
E08000007,Stockport,,1111/1001,GSS re-coding strategy,01/01/2009 00:00,,E12000002,E08,DLUHC,live,12604.02,12604.02,0,12604.02
E08000008,Tameside,,1111/1001,GSS re-coding strategy,01/01/2009 00:00,,E12000002,E08,DLUHC,live,10315.43,10315.43,0,10315.43
E08000009,Trafford,,1111/1001,GSS re-coding strategy,01/01/2009 00:00,,E12000002,E08,DLUHC,live,10604.47,10604.47,0,10604.47
E08000010,Wigan,,1111/1001,GSS re-coding strategy,01/01/2009 00:00,,E12000002,E08,DLUHC,live,18817.11,18817.11,0,18817.11
E08000011,Knowsley,,1111/1001,GSS re-coding strategy,01/01/2009 00:00,,E12000002,E08,DLUHC,live,8650.02,8650.02,0,8650.02
E08000012,Liverpool,,1111/1001,GSS re-coding strategy,01/01/2009 00:00,,E12000002,E08,DLUHC,live,13353.4,11183.57,0,11183.57
E08000013,St. Helens,,1111/1001,GSS re-coding strategy,01/01/2009 00:00,,E12000002,E08,DLUHC,live,13635.87,13635.87,0,13635.87
E08000014,Sefton,,1111/1001,GSS re-coding strategy,01/01/2009 00:00,,E12000002,E08,DLUHC,live,20275.57,15657.82,0,15657.82
E08000015,Wirral,,1111/1001,GSS re-coding strategy,01/01/2009 00:00,,E12000002,E08,DLUHC,live,25324.6,16092.2,0,16092.2
E08000016,Barnsley,,1111/1001,GSS re-coding strategy,01/01/2009 00:00,31/03/2025 00:00,E12000003,E08,DLUHC,terminated,32907.76,32907.76,0,32907.76
E08000017,Doncaster,,1111/1001,GSS re-coding strategy,01/01/2009 00:00,,E12000003,E08,DLUHC,live,56855.13,56802.22,0,56802.22
E08000018,Rotherham,,1111/1001,GSS re-coding strategy,01/01/2009 00:00,,E12000003,E08,DLUHC,live,28653.43,28653.43,0,28653.43
E08000019,Sheffield,,1111/1001,GSS re-coding strategy,01/01/2009 00:00,31/03/2025 00:00,E12000003,E08,DLUHC,terminated,36793.02,36793.02,0,36793.02
E08000020,Gateshead,,1111/1001,GSS re-coding strategy,01/01/2009 00:00,31/03/2013 00:00,E12000001,E08,DLUHC,terminated,14407.65,14235.67,0,14235.67
E08000021,Newcastle upon Tyne,,1111/1001,GSS re-coding strategy,01/01/2009 00:00,,E12000001,E08,DLUHC,live,11511.78,11346.15,0,11346.15
E08000022,North Tyneside,,1111/1001,GSS re-coding strategy,01/01/2009 00:00,,E12000001,E08,DLUHC,live,8482.34,8231.39,0,8231.39
E08000023,South Tyneside,,1111/1001,GSS re-coding strategy,01/01/2009 00:00,,E12000001,E08,DLUHC,live,6707.42,6442.85,0,6442.85
E08000024,Sunderland,,1111/1001,GSS re-coding strategy,01/01/2009 00:00,,E12000001,E08,DLUHC,live,13961.8,13744.13,0,13744.13
E08000025,Birmingham,,1111/1001,GSS re-coding strategy,01/01/2009 00:00,,E12000005,E08,DLUHC,live,26779.12,26779.12,0,26779.12
E08000026,Coventry,,1111/1001,GSS re-coding strategy,01/01/2009 00:00,,E12000005,E08,DLUHC,live,9863.9,9863.9,0,9863.9
E08000027,Dudley,,1111/1001,GSS re-coding strategy,01/01/2009 00:00,,E12000005,E08,DLUHC,live,9795.84,9795.84,0,9795.84
E08000028,Sandwell,,1111/1001,GSS re-coding strategy,01/01/2009 00:00,,E12000005,E08,DLUHC,live,8555.89,8555.89,0,8555.89
E08000029,Solihull,,1111/1001,GSS re-coding strategy,01/01/2009 00:00,,E12000005,E08,DLUHC,live,17828.21,17828.21,0,17828.21
E08000030,Walsall,,1111/1001,GSS re-coding strategy,01/01/2009 00:00,,E12000005,E08,DLUHC,live,10397.34,10397.34,0,10397.34
E08000031,Wolverhampton,,1111/1001,GSS re-coding strategy,01/01/2009 00:00,,E12000005,E08,DLUHC,live,6943.65,6943.65,0,6943.65
E08000032,Bradford,,1111/1001,GSS re-coding strategy,01/01/2009 00:00,,E12000003,E08,DLUHC,live,36641.98,36641.98,0,36641.98
E08000033,Calderdale,,1111/1001,GSS re-coding strategy,01/01/2009 00:00,,E12000003,E08,DLUHC,live,36396.08,36396.08,0,36396.08
E08000034,Kirklees,,1111/1001,GSS re-coding strategy,01/01/2009 00:00,,E12000003,E08,DLUHC,live,40855.16,40855.16,0,40855.16
E08000035,Leeds,,1111/1001,GSS re-coding strategy,01/01/2009 00:00,,E12000003,E08,DLUHC,live,55170.68,55170.68,0,55170.68
E08000036,Wakefield,,1111/1001,GSS re-coding strategy,01/01/2009 00:00,,E12000003,E08,DLUHC,live,33861.98,33861.98,0,33861.98
E08000037,Gateshead,,595/2013,The Gateshead and Northumberland (Boundary Change) Order 2013,01/04/2013 00:00,,E12000001,E08,DLUHC,live,14407.97,14236.91,0,14236.91
E08000038,Barnsley,,1328/2024,The Barnsley and Sheffield (Boundary Changes) Order 2024,01/04/2025 00:00,,E12000003,E08,DLUHC,live,,,,
E08000039,Sheffield,,1328/2024,The Barnsley and Sheffield (Boundary Changes) Order 2024,01/04/2025 00:00,,E12000003,E08,DLUHC,live,,,,
E09000001,City of London,,1111/1001,GSS re-coding strategy,01/01/2009 00:00,,E12000007,E09,DLUHC,live,314.96,289.24,0,289.24
E09000002,Barking and Dagenham,,1111/1001,GSS re-coding strategy,01/01/2009 00:00,,E12000007,E09,DLUHC,live,3779.92,3609.95,0,3609.95
E09000003,Barnet,,1111/1001,GSS re-coding strategy,01/01/2009 00:00,,E12000007,E09,DLUHC,live,8674.83,8674.83,0,8674.83
E09000004,Bexley,,1111/1001,GSS re-coding strategy,01/01/2009 00:00,,E12000007,E09,DLUHC,live,6428.65,6056.91,0,6056.91
E09000005,Brent,,1111/1001,GSS re-coding strategy,01/01/2009 00:00,,E12000007,E09,DLUHC,live,4323.25,4323.25,0,4323.25
E09000006,Bromley,,1111/1001,GSS re-coding strategy,01/01/2009 00:00,,E12000007,E09,DLUHC,live,15013.48,15013.48,0,15013.48
E09000007,Camden,,1111/1001,GSS re-coding strategy,01/01/2009 00:00,,E12000007,E09,DLUHC,live,2178.95,2178.95,0,2178.95
E09000008,Croydon,,1111/1001,GSS re-coding strategy,01/01/2009 00:00,,E12000007,E09,DLUHC,live,8649.43,8649.43,0,8649.43
E09000009,Ealing,,1111/1001,GSS re-coding strategy,01/01/2009 00:00,,E12000007,E09,DLUHC,live,5554.47,5554.47,0,5554.47
E09000010,Enfield,,1111/1001,GSS re-coding strategy,01/01/2009 00:00,,E12000007,E09,DLUHC,live,8220.02,8220.02,136.92,8083.1
E09000011,Greenwich,,1111/1001,GSS re-coding strategy,01/01/2009 00:00,,E12000007,E09,DLUHC,live,5044.18,4731.19,0,4731.19
E09000012,Hackney,,1111/1001,GSS re-coding strategy,01/01/2009 00:00,,E12000007,E09,DLUHC,live,1904.92,1904.92,0,1904.92
E09000013,Hammersmith and Fulham,,1111/1001,GSS re-coding strategy,01/01/2009 00:00,,E12000007,E09,DLUHC,live,1715.41,1640.38,0,1640.38
E09000014,Haringey,,1111/1001,GSS re-coding strategy,01/01/2009 00:00,,E12000007,E09,DLUHC,live,2959.83,2959.83,0,2959.83
E09000015,Harrow,,1111/1001,GSS re-coding strategy,01/01/2009 00:00,,E12000007,E09,DLUHC,live,5046.34,5046.34,0,5046.34
E09000016,Havering,,1111/1001,GSS re-coding strategy,01/01/2009 00:00,,E12000007,E09,DLUHC,live,11445.73,11234.11,0,11234.11
E09000017,Hillingdon,,1111/1001,GSS re-coding strategy,01/01/2009 00:00,,E12000007,E09,DLUHC,live,11570.02,11570.02,0,11570.02
E09000018,Hounslow,,1111/1001,GSS re-coding strategy,01/01/2009 00:00,,E12000007,E09,DLUHC,live,5658.55,5597.06,0,5597.06
E09000019,Islington,,1111/1001,GSS re-coding strategy,01/01/2009 00:00,,E12000007,E09,DLUHC,live,1485.65,1485.65,0,1485.65
E09000020,Kensington and Chelsea,,1111/1001,GSS re-coding strategy,01/01/2009 00:00,,E12000007,E09,DLUHC,live,1238.37,1212.54,0,1212.54
E09000021,Kingston upon Thames,,1111/1001,GSS re-coding strategy,01/01/2009 00:00,,E12000007,E09,DLUHC,live,3726.12,3726.12,0,3726.12
E09000022,Lambeth,,1111/1001,GSS re-coding strategy,01/01/2009 00:00,,E12000007,E09,DLUHC,live,2724.94,2681.99,0,2681.99
E09000023,Lewisham,,1111/1001,GSS re-coding strategy,01/01/2009 00:00,,E12000007,E09,DLUHC,live,3531.67,3514.79,0,3514.79
E09000024,Merton,,1111/1001,GSS re-coding strategy,01/01/2009 00:00,,E12000007,E09,DLUHC,live,3762.48,3762.48,0,3762.48
E09000025,Newham,,1111/1001,GSS re-coding strategy,01/01/2009 00:00,,E12000007,E09,DLUHC,live,3857.81,3619.65,0,3619.65
E09000026,Redbridge,,1111/1001,GSS re-coding strategy,01/01/2009 00:00,,E12000007,E09,DLUHC,live,5644.21,5640.56,0,5640.56
E09000027,Richmond upon Thames,,1111/1001,GSS re-coding strategy,01/01/2009 00:00,,E12000007,E09,DLUHC,live,5876.14,5739.34,0,5739.34
E09000028,Southwark,,1111/1001,GSS re-coding strategy,01/01/2009 00:00,,E12000007,E09,DLUHC,live,2991.33,2886.72,0,2886.72
E09000029,Sutton,,1111/1001,GSS re-coding strategy,01/01/2009 00:00,,E12000007,E09,DLUHC,live,4384.71,4384.71,0,4384.71
E09000030,Tower Hamlets,,1111/1001,GSS re-coding strategy,01/01/2009 00:00,,E12000007,E09,DLUHC,live,2157.5,1976.85,0,1976.85
E09000031,Waltham Forest,,1111/1001,GSS re-coding strategy,01/01/2009 00:00,,E12000007,E09,DLUHC,live,3880.78,3880.78,0,3880.78
E09000032,Wandsworth,,1111/1001,GSS re-coding strategy,01/01/2009 00:00,,E12000007,E09,DLUHC,live,3522.03,3425.7,0,3425.7
E09000033,Westminster,,1111/1001,GSS re-coding strategy,01/01/2009 00:00,,E12000007,E09,DLUHC,live,2203.01,2147.72,0,2147.72
E10000001,Bedfordshire,,1111/1001,GSS re-coding strategy,01/01/2009 00:00,31/03/2009 00:00,E12000006,E10,DLUHC,terminated,,,,
E10000002,Buckinghamshire,,1111/1001,GSS re-coding strategy,01/01/2009 00:00,31/03/2020 00:00,E12000008,E10,DLUHC,terminated,156494.91,156494.91,0,156494.91
E10000003,Cambridgeshire,,1111/1001,GSS re-coding strategy,01/01/2009 00:00,,E12000006,E10,DLUHC,live,305400.79,305251.54,627.95,304623.59
E10000004,Cheshire,,1111/1001,GSS re-coding strategy,01/01/2009 00:00,31/03/2009 00:00,E12000002,E10,DLUHC,terminated,,,,
E10000005,Cornwall and Isles of Scilly,,1111/1001,GSS re-coding strategy,01/01/2009 00:00,31/03/2009 00:00,E12000009,E10,DLUHC,terminated,,,,
E10000006,Cumbria,,1111/1001,GSS re-coding strategy,01/01/2009 00:00,31/03/2023 00:00,E12000002,E10,DLUHC,terminated,718276.44,682351.84,5559.56,676792.28
E10000007,Derbyshire,,1111/1001,GSS re-coding strategy,01/01/2009 00:00,,E12000004,E10,DLUHC,live,255076.01,255076.01,400.45,254675.56
E10000008,Devon,,1111/1001,GSS re-coding strategy,01/01/2009 00:00,,E12000009,E10,DLUHC,live,663338.74,656669.71,289.82,656379.89
E10000009,Dorset,,1111/1001,GSS re-coding strategy,01/01/2009 00:00,31/03/2019 00:00,E12000009,E10,DLUHC,terminated,257297.32,254173.03,0,254173.03
E10000010,Durham,,1111/1001,GSS re-coding strategy,01/01/2009 00:00,31/03/2009 00:00,E12000001,E10,DLUHC,terminated,,,,
E10000011,East Sussex,,1111/1001,GSS re-coding strategy,01/01/2009 00:00,,E12000008,E10,DLUHC,live,172385.91,171276.66,413.52,170863.14
E10000012,Essex,,1111/1001,GSS re-coding strategy,01/01/2009 00:00,,E12000006,E10,DLUHC,live,369673.18,346614.93,757.07,345857.86
E10000013,Gloucestershire,,1111/1001,GSS re-coding strategy,01/01/2009 00:00,,E12000009,E10,DLUHC,live,270452.83,265252.9,0,265252.9
E10000014,Hampshire,,1111/1001,GSS re-coding strategy,01/01/2009 00:00,,E12000008,E10,DLUHC,live,373725.84,367835.29,0,367835.29
E10000015,Hertfordshire,,1111/1001,GSS re-coding strategy,01/01/2009 00:00,,E12000006,E10,DLUHC,live,164306.51,164306.51,0,164306.51
E10000016,Kent,,1111/1001,GSS re-coding strategy,01/01/2009 00:00,,E12000008,E10,DLUHC,live,363720.52,354551.06,111.62,354439.44
E10000017,Lancashire,,1111/1001,GSS re-coding strategy,01/01/2009 00:00,,E12000002,E10,DLUHC,live,308284.71,289519.32,128.58,289390.74
E10000018,Leicestershire,,1111/1001,GSS re-coding strategy,01/01/2009 00:00,,E12000004,E10,DLUHC,live,208378.94,208378.94,89.55,208289.39
E10000019,Lincolnshire,,1111/1001,GSS re-coding strategy,01/01/2009 00:00,,E12000004,E10,DLUHC,live,610255.34,593905.11,0,593905.11
E10000020,Norfolk,,1111/1001,GSS re-coding strategy,01/01/2009 00:00,,E12000006,E10,DLUHC,live,550713.47,538514.08,158.64,538355.44
E10000021,Northamptonshire,,1111/1001,GSS re-coding strategy,01/01/2009 00:00,31/03/2021 00:00,E12000004,E10,DLUHC,terminated,236699,236699,298.48,236400.52
E10000022,Northumberland,,1111/1001,GSS re-coding strategy,01/01/2009 00:00,31/03/2009 00:00,E12000001,E10,DLUHC,terminated,,,,
E10000023,North Yorkshire,,1111/1001,GSS re-coding strategy,01/01/2009 00:00,31/03/2023 00:00,E12000003,E10,DLUHC,terminated,805219.28,803996.36,259.97,803736.39
E10000024,Nottinghamshire,,1111/1001,GSS re-coding strategy,01/01/2009 00:00,,E12000004,E10,DLUHC,live,208689.55,208471.14,0,208471.14
E10000025,Oxfordshire,,1111/1001,GSS re-coding strategy,01/01/2009 00:00,,E12000008,E10,DLUHC,live,260594.74,260594.74,101.58,260493.16
E10000026,Shropshire,,1111/1001,GSS re-coding strategy,01/01/2009 00:00,31/03/2009 00:00,E12000005,E10,DLUHC,terminated,,,,
E10000027,Somerset,,1111/1001,GSS re-coding strategy,01/01/2009 00:00,31/03/2023 00:00,E12000009,E10,DLUHC,terminated,351498.43,345210.37,148.97,345061.4
E10000028,Staffordshire,,1111/1001,GSS re-coding strategy,01/01/2009 00:00,,E12000005,E10,DLUHC,live,262331.65,262331.65,302.78,262028.87
E10000029,Suffolk,,1111/1001,GSS re-coding strategy,01/01/2009 00:00,,E12000006,E10,DLUHC,live,385245.24,380136.2,139.24,379996.96
E10000030,Surrey,,1111/1001,GSS re-coding strategy,01/01/2009 00:00,,E12000008,E10,DLUHC,live,167007.32,167007.32,755.54,166251.78
E10000031,Warwickshire,,1111/1001,GSS re-coding strategy,01/01/2009 00:00,,E12000005,E10,DLUHC,live,197752.06,197752.06,244.4,197507.66
E10000032,West Sussex,,1111/1001,GSS re-coding strategy,01/01/2009 00:00,,E12000008,E10,DLUHC,live,202451.2,199105.15,0,199105.15
E10000033,Wiltshire,,1111/1001,GSS re-coding strategy,01/01/2009 00:00,31/03/2009 00:00,E12000009,E10,DLUHC,terminated,,,,
E10000034,Worcestershire,,1111/1001,GSS re-coding strategy,01/01/2009 00:00,,E12000005,E10,DLUHC,live,174051.41,174051.41,0,174051.41
E11000001,Greater Manchester,,1111/1001,GSS re-coding strategy,01/01/2009 00:00,,,E11,DLUHC,live,127598.17,127598.17,0,127598.17
E11000002,Merseyside,,1111/1001,GSS re-coding strategy,01/01/2009 00:00,,,E11,DLUHC,live,81239.46,65219.48,0,65219.48
E11000003,South Yorkshire,,1111/1001,GSS re-coding strategy,01/01/2009 00:00,,,E11,DLUHC,live,155209.34,155156.43,0,155156.43
E11000004,Tyne and Wear,,1111/1001,GSS re-coding strategy,01/01/2009 00:00,31/03/2013 00:00,,E11,DLUHC,terminated,,,,
E11000005,West Midlands,,1111/1001,GSS re-coding strategy,01/01/2009 00:00,,,E11,DLUHC,live,90163.95,90163.95,0,90163.95
E11000006,West Yorkshire,,1111/1001,GSS re-coding strategy,01/01/2009 00:00,,,E11,DLUHC,live,202925.88,202925.88,0,202925.88
E11000007,Tyne and Wear,,595/2013,The Gateshead and Northumberland (Boundary Change) Order 2013,01/04/2013 00:00,,,E11,DLUHC,live,55071.31,54001.43,0,54001.43
E12000001,North East,,1111/1001,GSS re-coding strategy,01/01/2009 00:00,,E92000001,E12,DLUHC,live,867469.3,859729.85,1798.63,857931.22
E12000002,North West,,1111/1001,GSS re-coding strategy,01/01/2009 00:00,,E92000001,E12,DLUHC,live,1491443.03,1416486.83,5688.14,1410798.69
E12000003,Yorkshire and The Humber,,1111/1001,GSS re-coding strategy,01/01/2009 00:00,,E92000001,E12,DLUHC,live,1556050.13,1540842.49,376.93,1540465.56
E12000004,East Midlands,,1111/1001,GSS re-coding strategy,01/01/2009 00:00,,E92000001,E12,DLUHC,live,1581072.38,1564503.74,1980.25,1562523.49
E12000005,West Midlands,,1111/1001,GSS re-coding strategy,01/01/2009 00:00,,E92000001,E12,DLUHC,live,1300373.81,1300373.81,547.18,1299826.63
E12000006,East of England,,1111/1001,GSS re-coding strategy,01/01/2009 00:00,,E92000001,E12,DLUHC,live,1958443.83,1913254.85,1682.9,1911571.95
E12000007,London,,1111/1001,GSS re-coding strategy,01/01/2009 00:00,,E92000001,E12,DLUHC,live,159469.69,157339.98,136.92,157203.06
E12000008,South East,,1111/1001,GSS re-coding strategy,01/01/2009 00:00,,E92000001,E12,DLUHC,live,1940011.71,1908759.82,1574.81,1907185.01
E12000009,South West,,1111/1001,GSS re-coding strategy,01/01/2009 00:00,,E92000001,E12,DLUHC,live,2438575.81,2385025.98,1402.59,2383623.39
E13000001,Inner London,,1111/1001,GSS re-coding strategy,01/01/2009 00:00,,,E13,DLUHC,live,32786.38,31924.93,0,31924.93
E13000002,Outer London,,1111/1001,GSS re-coding strategy,01/01/2009 00:00,,,E13,DLUHC,live,126683.31,125415.05,136.92,125278.13
S12000003,Angus,,1111/1001,GSS re-coding strategy,01/01/2009 00:00,31/03/2010 00:00,S12000003,S12,LGBC,terminated,,,,
S12000005,Clackmannanshire,,1111/1001,GSS re-coding strategy,01/01/2009 00:00,,S12000005,S12,LGBC,live,16391.26,15897.22,0,15897.22
S12000006,Dumfries and Galloway,,1111/1001,GSS re-coding strategy,01/01/2009 00:00,,S12000006,S12,LGBC,live,667631.47,643644.1,1073.25,642570.85
S12000007,Dundee City,,1111/1001,GSS re-coding strategy,01/01/2009 00:00,31/03/2010 00:00,S12000007,S12,LGBC,terminated,,,,
S12000008,East Ayrshire,,1111/1001,GSS re-coding strategy,01/01/2009 00:00,,S12000008,S12,LGBC,live,127034.21,127034.21,821.42,126212.79
S12000009,East Dunbartonshire,,1111/1001,GSS re-coding strategy,01/01/2009 00:00,31/03/2011 00:00,S12000009,S12,LGBC,terminated,,,,
S12000010,East Lothian,,1111/1001,GSS re-coding strategy,01/01/2009 00:00,,S12000010,S12,LGBC,live,70093.73,67917.98,0,67917.98
S12000011,East Renfrewshire,,1111/1001,GSS re-coding strategy,01/01/2009 00:00,,S12000011,S12,LGBC,live,17424.95,17424.95,0,17424.95
S12000013,Na h-Eileanan Siar,,,Name Amendment,01/11/2015 00:00,,S12000013,S12,LGBC,live,326839.63,309688.01,4107.83,305580.18
S12000013,Comhairle nan Eilean Siar,,,Name Amendment,16/06/2015 00:00,31/10/2015 00:00,S12000013,S12,LGBC,terminated,326839.63,309688.01,4107.83,305580.18
S12000013,Eilean Siar,,1111/1001,GSS re-coding strategy,01/01/2009 00:00,15/06/2015 00:00,S12000013,S12,LGBC,terminated,326839.63,309688.01,4107.83,305580.18
S12000014,Falkirk,,1111/1001,GSS re-coding strategy,01/01/2009 00:00,,S12000014,S12,LGBC,live,31493.35,29736.55,0,29736.55
S12000015,Fife,,1111/1001,GSS re-coding strategy,01/01/2009 00:00,01/02/2018 00:00,S12000015,S12,LGBC,terminated,137390.69,132502.5,0,132502.5
S12000017,Highland,,1111/1001,GSS re-coding strategy,01/01/2009 00:00,,S12000017,S12,LGBC,live,2647394.96,2615962.32,50565.24,2565397.08
S12000018,Inverclyde,,1111/1001,GSS re-coding strategy,01/01/2009 00:00,,S12000018,S12,LGBC,live,17362.47,16194.89,151.02,16043.87
S12000019,Midlothian,,1111/1001,GSS re-coding strategy,01/01/2009 00:00,,S12000019,S12,LGBC,live,35527.15,35527.15,158.97,35368.18
S12000020,Moray,,1111/1001,GSS re-coding strategy,01/01/2009 00:00,,S12000020,S12,LGBC,live,225715.36,223721.8,0,223721.8
S12000021,North Ayrshire,,1111/1001,GSS re-coding strategy,01/01/2009 00:00,,S12000021,S12,LGBC,live,90382.07,88527.62,0,88527.62
S12000022,North Lanarkshire,,1111/1001,GSS re-coding strategy,01/01/2009 00:00,31/03/2010 00:00,S12000022,S12,LGBC,terminated,,,,
S12000023,Orkney Islands,,1111/1001,GSS re-coding strategy,01/01/2009 00:00,,S12000023,S12,LGBC,live,108649.26,101506.85,2454.71,99052.14
S12000024,Perth and Kinross,,1111/1001,GSS re-coding strategy,01/01/2009 00:00,01/02/2018 00:00,S12000024,S12,LGBC,terminated,541895.49,538377.01,9816.62,528560.39
S12000026,Scottish Borders,,1111/1001,GSS re-coding strategy,01/01/2009 00:00,,S12000026,S12,LGBC,live,474268.5,473918.25,739.88,473178.37
S12000027,Shetland Islands,,1111/1001,GSS re-coding strategy,01/01/2009 00:00,,S12000027,S12,LGBC,live,165729.04,146849.55,103.67,146745.88
S12000028,South Ayrshire,,1111/1001,GSS re-coding strategy,01/01/2009 00:00,,S12000028,S12,LGBC,live,123468.53,122436.91,214.11,122222.8
S12000029,South Lanarkshire,,1111/1001,GSS re-coding strategy,01/01/2009 00:00,,S12000029,S12,LGBC,live,177402.24,177389.73,200.43,177189.3
S12000030,Stirling,,1111/1001,GSS re-coding strategy,01/01/2009 00:00,,S12000030,S12,LGBC,live,225481.26,225334.44,6637.6,218696.84
S12000033,Aberdeen City,,1111/1001,GSS re-coding strategy,01/01/2009 00:00,,S12000033,S12,LGBC,live,20560.13,18561.04,0,18561.04
S12000034,Aberdeenshire,,1111/1001,GSS re-coding strategy,01/01/2009 00:00,,S12000034,S12,LGBC,live,633814.88,631788.77,537.83,631250.94
S12000035,Argyll and Bute,,1111/1001,GSS re-coding strategy,01/01/2009 00:00,,S12000035,S12,LGBC,live,716517.15,700631.81,9903.11,690728.7
S12000036,City of Edinburgh,,1111/1001,GSS re-coding strategy,01/01/2009 00:00,,S12000036,S12,LGBC,live,27300.43,26335.19,0,26335.19
S12000037,Glasgow City,,1111/1001,GSS re-coding strategy,01/01/2009 00:00,31/03/2010 00:00,S12000037,S12,LGBC,terminated,17644.88,17470.55,0,17470.55
S12000038,Renfrewshire,,1111/1001,GSS re-coding strategy,01/01/2009 00:00,,S12000038,S12,LGBC,live,26923.97,26148.77,0,26148.77
S12000039,West Dunbartonshire,,1111/1001,GSS re-coding strategy,01/01/2009 00:00,,S12000039,S12,LGBC,live,18278.3,17732.04,1855.47,15876.57
S12000040,West Lothian,,1111/1001,GSS re-coding strategy,01/01/2009 00:00,,S12000040,S12,LGBC,live,43159.08,42877.21,103.02,42774.19
S12000041,Angus,,442/2009,The Angus Council Area and Dundee City Council Area (Fithiebank) Boundaries Amendment Order 2009,01/04/2010 00:00,,S12000041,S12,LGBC,live,220389.28,218512.28,353.08,218159.2
S12000042,Dundee City,,442/2009,The Angus Council Area and Dundee City Council Area (Fithiebank) Boundaries Amendment Order 2009,01/04/2010 00:00,,S12000042,S12,LGBC,live,6222.38,5983.09,0,5983.09
S12000043,Glasgow City,,368/2009,The Glasgow City Council Area and North Lanarkshire Council Area (Cardowan by Stepps) Boundaries Amendment Order 2009,01/04/2010 00:00,31/03/2011 00:00,S12000043,S12,LGBC,terminated,17644.88,17470.55,0,17470.55
S12000044,North Lanarkshire,,368/2009,The Glasgow City Council Area and North Lanarkshire Council Area (Cardowan by Stepps) Boundaries Amendment Order 2009,01/04/2010 00:00,31/03/2019 00:00,S12000044,S12,LGBC,terminated,47221.62,47221.62,230.69,46990.93
S12000045,East Dunbartonshire,,353/2010,The East Dunbartonshire Council Area and Glasgow City Council Area (Princes Gate and Greenacres by Robroyston) Boundaries Alteration Order 2010,01/04/2011 00:00,,S12000045,S12,LGBC,live,17448.9,17448.9,0,17448.9
S12000046,Glasgow City,,353/2010,The East Dunbartonshire Council Area and Glasgow City Council Area (Princes Gate and Greenacres by Robroyston) Boundaries Alteration Order 2010,01/04/2011 00:00,31/03/2019 00:00,S12000046,S12,LGBC,terminated,17644.88,17470.55,0,17470.55
S12000047,Fife,,430/2017,The Fife Council Area and Perth and Kinross Council Area (Keltybridge and Fife Environmental Energy Park at Westfield) Boundaries Amendment Order 2017,02/02/2018 00:00,,S12000047,S12,LGBC,live,137618.75,132538.1,0,132538.1
S12000048,Perth and Kinross,,430/2017,The Fife Council Area and Perth and Kinross Council Area (Keltybridge and Fife Environmental Energy Park at Westfield) Boundaries Amendment Order 2017,02/02/2018 00:00,,S12000048,S12,LGBC,live,541894.45,538375.97,9816.63,528559.34
S12000049,Glasgow City,,308/2018,The Glasgow City Council Area and North Lanarkshire Council Area (Cardowan by Stepps) Boundaries Amendment Order 2018,01/04/2019 00:00,,S12000049,S12,LGBC,live,17635.59,17462.13,0,17462.13
S12000050,North Lanarkshire,,308/2018,The Glasgow City Council Area and North Lanarkshire Council Area (Cardowan by Stepps) Boundaries Amendment Order 2018,01/04/2019 00:00,,S12000050,S12,LGBC,live,47230.91,47230.91,230.69,47000.22
W06000001,Isle of Anglesey,Ynys M�n,1111/1001,GSS re-coding strategy,01/01/2009 00:00,,W92000004,W06,WG (LGBC),live,74943.85,71482.76,314.75,71168.01
W06000002,Gwynedd,Gwynedd,1111/1001,GSS re-coding strategy,01/01/2009 00:00,,W92000004,W06,WG (LGBC),live,262295.73,254789.21,1314.99,253474.22
W06000003,Conwy,Conwy,1111/1001,GSS re-coding strategy,01/01/2009 00:00,,W92000004,W06,WG (LGBC),live,115327.3,113019.73,435.64,112584.09
W06000004,Denbighshire,Sir Ddinbych,1111/1001,GSS re-coding strategy,01/01/2009 00:00,,W92000004,W06,WG (LGBC),live,84638.01,83856.92,179.88,83677.04
W06000005,Flintshire,Sir y Fflint,1111/1001,GSS re-coding strategy,01/01/2009 00:00,,W92000004,W06,WG (LGBC),live,48950.08,43972.41,0,43972.41
W06000006,Wrexham,Wrecsam,1111/1001,GSS re-coding strategy,01/01/2009 00:00,,W92000004,W06,WG (LGBC),live,50377.39,50377.39,0,50377.39
W06000007,Powys,Powys,1111/1001,GSS re-coding strategy,01/01/2009 00:00,31/05/2009 00:00,W92000004,W06,WG (LGBC),terminated,,,,
W06000008,Ceredigion,Ceredigion,1111/1001,GSS re-coding strategy,01/01/2009 00:00,,W92000004,W06,WG (LGBC),live,180603.02,178890.91,339.86,178551.05
W06000009,Pembrokeshire,Sir Benfro,1111/1001,GSS re-coding strategy,01/01/2009 00:00,,W92000004,W06,WG (LGBC),live,165119.5,161834.49,0,161834.49
W06000010,Carmarthenshire,Sir Gaerfyrddin,1111/1001,GSS re-coding strategy,01/01/2009 00:00,,W92000004,W06,WG (LGBC),live,243884.94,237110.43,82.81,237027.62
W06000011,Swansea,Abertawe,1111/1001,GSS re-coding strategy,01/01/2009 00:00,,W92000004,W06,WG (LGBC),live,42082.6,37759.64,0,37759.64
W06000012,Neath Port Talbot,Castell-nedd Port Talbot,1111/1001,GSS re-coding strategy,01/01/2009 00:00,,W92000004,W06,WG (LGBC),live,45187.54,44227.27,102.8,44124.47
W06000013,Bridgend,Pen-y-bont ar Ogwr,1111/1001,GSS re-coding strategy,01/01/2009 00:00,,W92000004,W06,WG (LGBC),live,25512.07,25078.52,0,25078.52
W06000014,The Vale of Glamorgan,Bro Morgannwg,1111/1001,GSS re-coding strategy,01/01/2009 00:00,31/12/2012 00:00,W92000004,W06,WG (LGBC),terminated,33978.86,33125.74,11.27,33114.47
W06000014,Vale of Glamorgan,Bro Morgannwg,,Name Change,01/01/2013 00:00,,W92000004,W06,WG (LGBC),live,33978.86,33125.74,11.27,33114.47
W06000015,Cardiff,Caerdydd,1111/1001,GSS re-coding strategy,01/01/2009 00:00,,W92000004,W06,WG (LGBC),live,14944.49,14228.72,138.93,14089.79
W06000016,Rhondda, Cynon Taff Rhondda Cynon Taf,1111/1001,GSS re-coding strategy,01/01/2009 00:00,31/12/2009 00:00,W92000004,W06,WG (LGBC),terminated,42415.02,42415.02,0,42415.02
W06000016,Rhondda Cynon Taf,Rhondda Cynon Taf,6003/2010,Name Change,01/01/2010 00:00,,W92000004,W06,WG (LGBC),live,42415.02,42415.02,0,42415.02
W06000017,Merthyr Tydfil,Merthyr Tudful,1111/1001,GSS re-coding strategy,01/01/2009 00:00,31/05/2009 00:00,W92000004,W06,WG (LGBC),terminated,,,,
W06000018,Caerphilly,Caerffili,1111/1001,GSS re-coding strategy,01/01/2009 00:00,,W92000004,W06,WG (LGBC),live,27738.79,27738.79,0,27738.79
W06000019,Blaenau Gwent,Blaenau Gwent,1111/1001,GSS re-coding strategy,01/01/2009 00:00,,W92000004,W06,WG (LGBC),live,10872.79,10872.79,0,10872.79
W06000020,Torfaen,Tor-faen,1111/1001,GSS re-coding strategy,01/01/2009 00:00,,W92000004,W06,WG (LGBC),live,12624.01,12624.01,54.14,12569.87
W06000021,Monmouthshire,Sir Fynwy,1111/1001,GSS re-coding strategy,01/01/2009 00:00,,W92000004,W06,WG (LGBC),live,88605.57,85026.45,118.37,84908.08
W06000022,Newport,Casnewydd,1111/1001,GSS re-coding strategy,01/01/2009 00:00,,W92000004,W06,WG (LGBC),live,21745.54,19037.27,0,19037.27
W06000023,Powys,Powys,889/2009,The Merthyr Tydfil and Powys (Areas) Order 2009,01/06/2009 00:00,,W92000004,W06,WG (LGBC),live,519545.61,519531.19,1464.03,518067.16
W06000024,Merthyr Tydfil,Merthyr Tudful,889/2009,The Merthyr Tydfil and Powys (Areas) Order 2009,01/06/2009 00:00,,W92000004,W06,WG (LGBC),live,11195.69,11195.69,51.06,11144.63
