year,region_id,region_name,region_ons_code,link_length_km,link_length_miles,pedal_cycles,two_wheeled_motor_vehicles,cars_and_taxis,buses_and_coaches,LGVs,all_HGVs,all_motor_vehicles
1993,1,South West,E12000009,48752,30293,228000000,289900000,19674300000,245000000,2351700000,1295600000,23856600000
1993,2,East Midlands,E12000004,30682,19065,199700000,172800000,16200200000,190100000,2082200000,1647100000,20292400000
1993,3,Scotland,S92000003,58533,36371,147300000,126400000,17677600000,334300000,2231000000,1339900000,21709300000
1993,4,Wales,W92000004,32544,20222,81700000,104600000,11278800000,156300000,1452700000,735200000,13727600000
1993,5,North West,E12000002,35953,22340,251400000,199200000,23730000000,339800000,2801800000,1834400000,28905200000
1993,6,London,E12000007,14350,8917,272100000,358200000,15882500000,273400000,1928600000,640900000,19083500000
1993,7,East of England,E12000006,38708,24052,365600000,270100000,22996100000,254800000,2976400000,1741100000,28238400000
1993,8,Yorkshire and The Humber,E12000003,31097,19323,231400000,171200000,16876000000,235900000,2204300000,1624300000,21111700000
1993,9,South East,E12000008,46588,28948,431700000,415200000,36748300000,368700000,4267100000,2035300000,43834600000
1993,10,West Midlands,E12000005,31814,19768,195700000,177400000,20484200000,298600000,2528700000,1703300000,25192300000
1993,11,North East,E12000001,15820,9830,85500000,55100000,8536900000,174100000,1021900000,474300000,10262300000
1994,1,South West,E12000009,48837,30346,227300000,293200000,20182100000,244200000,2458500000,1325600000,24503500000
1994,2,East Midlands,E12000004,30736,19098,199500000,173000000,16544600000,189700000,2165000000,1694300000,20766600000
1994,3,Scotland,S92000003,58626,36429,146100000,126800000,18070700000,332500000,2327600000,1365800000,22223300000
1994,4,Wales,W92000004,32594,20253,81200000,105000000,11529100000,155300000,1517700000,747400000,14054400000
1994,5,North West,E12000002,36032,22389,251500000,195800000,24124400000,340600000,2908000000,1868700000,29437600000
1994,6,London,E12000007,14384,8938,278400000,369400000,16062800000,281800000,2010900000,623700000,19348500000
1994,7,East of England,E12000006,38778,24096,366100000,268700000,23537300000,254400000,3109400000,1790300000,28960100000
1994,8,Yorkshire and The Humber,E12000003,31159,19361,231600000,169900000,17218400000,235800000,2294300000,1657800000,21576300000
1994,9,South East,E12000008,46683,29007,432100000,414000000,37566600000,369800000,4446000000,2088500000,44885000000
1994,10,West Midlands,E12000005,31875,19806,195900000,175500000,20876800000,299300000,2627800000,1750000000,25729300000
1994,11,North East,E12000001,15851,9849,85900000,54700000,8675800000,173000000,1062200000,482400000,10448200000
1995,1,South West,E12000009,48938,30409,233900000,294100000,20585300000,257900000,2532700000,1360400000,25030500000
1995,2,East Midlands,E12000004,30801,19139,205900000,172000000,16857400000,200800000,2217900000,1750900000,21198900000
1995,3,Scotland,S92000003,58754,36508,149200000,126300000,18421100000,350900000,2380900000,1398100000,22677400000
1995,4,Wales,W92000004,32659,20293,83100000,104700000,11739500000,164300000,1556300000,763900000,14328600000
1995,5,North West,E12000002,36119,22443,260600000,195800000,24607300000,358100000,2988600000,1916700000,30066600000
1995,6,London,E12000007,14418,8959,283300000,359900000,16003100000,303700000,2087000000,608700000,19362500000
1995,7,East of England,E12000006,38857,24145,378700000,267500000,23980900000,268500000,3196300000,1847900000,29561000000
1995,8,Yorkshire and The Humber,E12000003,31231,19406,239500000,170900000,17548300000,249400000,2356700000,1716200000,22041500000
1995,9,South East,E12000008,46792,29075,447400000,409400000,38347700000,388600000,4562100000,2152500000,45860200000
1995,10,West Midlands,E12000005,31945,19850,202400000,174700000,21274300000,317800000,2698000000,1800300000,26265000000
1995,11,North East,E12000001,15886,9871,89600000,54500000,8810900000,183800000,1080900000,494500000,10624600000
1996,1,South West,E12000009,49006,30451,228400000,292400000,21073900000,264900000,2645200000,1399900000,25676400000
1996,2,East Midlands,E12000004,30849,19169,201600000,169500000,17360200000,204900000,2324800000,1809900000,21869300000
1996,3,Scotland,S92000003,58819,36548,146400000,125600000,18907600000,361000000,2499000000,1434100000,23327200000
1996,4,Wales,W92000004,32707,20323,81200000,103800000,12008100000,168500000,1604300000,803200000,14687800000
1996,5,North West,E12000002,36177,22479,254900000,191800000,25176700000,365400000,3101800000,1985000000,30820800000
1996,6,London,E12000007,14448,8978,290100000,375000000,16161500000,309600000,2055500000,647200000,19548900000
1996,7,East of England,E12000006,38919,24183,370700000,266600000,24592200000,272900000,3346400000,1886200000,30364300000
1996,8,Yorkshire and The Humber,E12000003,31285,19440,234900000,168500000,18047100000,254800000,2435000000,1775100000,22680600000
1996,9,South East,E12000008,46865,29121,438100000,414600000,39510500000,404100000,4778000000,2220300000,47327500000
1996,10,West Midlands,E12000005,31998,19883,197700000,173200000,21808600000,321900000,2808900000,1845700000,26958400000
1996,11,North East,E12000001,15911,9887,87800000,55100000,8999200000,186000000,1104900000,494800000,10840000000
1997,1,South West,E12000009,49109,30515,229100000,304900000,21353000000,273400000,2769600000,1448200000,26149000000
1997,2,East Midlands,E12000004,30920,19213,203500000,178300000,17674400000,210600000,2445500000,1846700000,22355600000
1997,3,Scotland,S92000003,58947,36628,145900000,130200000,19200400000,370700000,2662000000,1464300000,23827600000
1997,4,Wales,W92000004,32776,20366,81200000,110400000,12227900000,174700000,1693600000,817300000,15023800000
1997,5,North West,E12000002,36278,22542,255800000,203900000,25620900000,374000000,3223000000,2068200000,31490000000
1997,6,London,E12000007,14488,9002,289100000,398600000,16229400000,315000000,2105300000,646100000,19694300000
1997,7,East of England,E12000006,39005,24237,370900000,280600000,25046500000,282000000,3545300000,1918000000,31072400000
1997,8,Yorkshire and The Humber,E12000003,31363,19488,235800000,174400000,18303000000,258700000,2552800000,1813300000,23102200000
1997,9,South East,E12000008,46982,29193,438300000,437900000,40295100000,420100000,5055800000,2286900000,48495800000
1997,10,West Midlands,E12000005,32076,19931,198100000,183600000,22186400000,330400000,2951800000,1880400000,27532700000
1997,11,North East,E12000001,15948,9910,88400000,58800000,9159400000,193200000,1166100000,497600000,11075100000
1998,1,South West,E12000009,49201,30572,223800000,312500000,21679400000,296400000,2855300000,1529600000,26673200000
1998,2,East Midlands,E12000004,30975,19247,197000000,182300000,17935000000,211600000,2534300000,1942800000,22806100000
1998,3,Scotland,S92000003,59047,36690,141600000,134900000,19358400000,373700000,2831500000,1498600000,24197100000
1998,4,Wales,W92000004,32825,20397,78200000,113900000,12320600000,171600000,1768200000,845000000,15219300000
1998,5,North West,E12000002,36360,22593,249900000,213700000,26030100000,379000000,3372700000,2105000000,32100500000
1998,6,London,E12000007,14523,9024,274400000,406500000,16283300000,317400000,2113800000,698600000,19819700000
1998,7,East of England,E12000006,39074,24279,359000000,295200000,25241900000,285200000,3747100000,1965800000,31535300000
1998,8,Yorkshire and The Humber,E12000003,31429,19529,228600000,180800000,18646600000,259400000,2679000000,1843400000,23609200000
1998,9,South East,E12000008,47086,29258,427000000,462200000,41040000000,436200000,5315600000,2389200000,49643300000
1998,10,West Midlands,E12000005,32141,19971,191800000,190200000,22492900000,333900000,3122100000,1916100000,28055200000
1998,11,North East,E12000001,15980,9930,85600000,61000000,9251000000,196700000,1223900000,501700000,11234300000
1999,1,South West,E12000009,49299,30633,229400000,337900000,21992300000,282000000,2969500000,1555100000,27136900000
1999,2,East Midlands,E12000004,31041,19288,205400000,199400000,18420900000,208700000,2583600000,1978900000,23391600000
1999,3,Scotland,S92000003,59165,36763,147800000,150100000,19628500000,380800000,2893800000,1510800000,24564100000
1999,4,Wales,W92000004,32889,20436,81600000,125000000,12552800000,175700000,1806200000,818300000,15477900000
1999,5,North West,E12000002,36458,22654,255400000,232200000,26464000000,381100000,3382800000,2146000000,32606100000
1999,6,London,E12000007,14569,9053,280900000,443300000,16643700000,329800000,2224200000,674000000,20315000000
1999,7,East of England,E12000006,39156,24330,373200000,325200000,25732600000,295600000,3769800000,2033800000,32157200000
1999,8,Yorkshire and The Humber,E12000003,31506,19577,234500000,195500000,18907100000,267300000,2711800000,1845700000,23927300000
1999,9,South East,E12000008,47199,29328,440300000,508400000,41913000000,429700000,5340700000,2463000000,50654800000
1999,10,West Midlands,E12000005,32215,20017,197900000,207400000,22789800000,341200000,3155100000,1927100000,28420600000
1999,11,North East,E12000001,16017,9953,88300000,68800000,9488200000,203100000,1218000000,525900000,11503900000
2000,1,South West,E12000009,49383,30685,232900000,335900000,22145900000,274300000,3075400000,1525100000,27356700000
2000,2,East Midlands,E12000004,31103,19327,208800000,205200000,18301700000,202500000,2641600000,1966700000,23317600000
2000,3,Scotland,S92000003,59232,36805,150300000,155100000,19537500000,372200000,2853000000,1513900000,24431800000
2000,4,Wales,W92000004,32953,20476,82200000,129600000,12451900000,172000000,1822500000,794500000,15370600000
2000,5,North West,E12000002,36530,22699,260500000,244000000,26389300000,363300000,3410900000,2118200000,32525800000
2000,6,London,E12000007,14604,9075,285100000,443200000,16579100000,320800000,2246900000,698400000,20288400000
2000,7,East of England,E12000006,39222,24371,383700000,330300000,25542900000,295100000,3791900000,2066300000,32026500000
2000,8,Yorkshire and The Humber,E12000003,31575,19620,241100000,203700000,18851400000,262100000,2747800000,1828500000,23893500000
2000,9,South East,E12000008,47310,29397,447300000,503200000,41755300000,418800000,5451100000,2549900000,50678300000
2000,10,West Midlands,E12000005,32275,20055,202500000,210800000,22674700000,322900000,3188100000,1950400000,28346900000
2000,11,North East,E12000001,16048,9972,91400000,73500000,9317000000,190000000,1206400000,527800000,11314600000
2001,1,South West,E12000009,49462,30734,231900000,360300000,22726700000,276200000,3163100000,1536000000,28062300000
2001,2,East Midlands,E12000004,31155,19359,209800000,214500000,18661000000,203100000,2736900000,1958900000,23774400000
2001,3,Scotland,S92000003,59318,36858,146400000,162400000,19824400000,375100000,2897000000,1489800000,24748600000
2001,4,Wales,W92000004,33033,20526,81000000,133300000,12597300000,170100000,1854400000,774400000,15529500000
2001,5,North West,E12000002,36617,22753,265700000,252000000,26759000000,359100000,3474700000,2121200000,32966000000
2001,6,London,E12000007,14640,9097,303200000,470700000,16581800000,318600000,2275200000,683600000,20329900000
2001,7,East of England,E12000006,39288,24412,390700000,342500000,25900300000,295500000,3930100000,2062400000,32530800000
2001,8,Yorkshire and The Humber,E12000003,31636,19658,246000000,213400000,19144100000,259800000,2842800000,1806600000,24266700000
2001,9,South East,E12000008,47399,29452,457400000,533500000,42203500000,415600000,5573100000,2551200000,51277000000
2001,10,West Midlands,E12000005,32348,20100,205200000,218000000,22874600000,322100000,3230900000,1922600000,28568100000
2001,11,North East,E12000001,16073,9987,94800000,76700000,9396500000,186900000,1224400000,521400000,11406000000
2002,1,South West,E12000009,49544,30785,242000000,389300000,23550300000,280600000,3279800000,1540500000,29040500000
2002,2,East Midlands,E12000004,31207,19391,219700000,234600000,19256400000,207900000,2859100000,1970100000,24528100000
2002,3,Scotland,S92000003,59405,36913,155300000,181500000,20584000000,391200000,3000100000,1496300000,25653200000
2002,4,Wales,W92000004,33080,20555,84600000,141600000,13023900000,171400000,1922700000,777900000,16037600000
2002,5,North West,E12000002,36699,22804,273600000,265300000,27287900000,353800000,3531800000,2115500000,33554400000
2002,6,London,E12000007,14679,9121,312000000,471400000,16689500000,331600000,2253500000,669500000,20415500000
2002,7,East of England,E12000006,39351,24452,409900000,356500000,26451300000,298900000,3925100000,2145700000,33177400000
2002,8,Yorkshire and The Humber,E12000003,31700,19697,256300000,227900000,19654800000,260500000,2974200000,1823500000,24940900000
2002,9,South East,E12000008,47492,29510,477600000,548900000,42867500000,403900000,5649200000,2579800000,52049300000
2002,10,West Midlands,E12000005,32404,20135,213800000,233100000,23461200000,316600000,3304900000,1942900000,29258700000
2002,11,North East,E12000001,16103,10006,98900000,81800000,9530700000,185300000,1261800000,521500000,11581100000
2003,1,South West,E12000009,49629,30838,246100000,426800000,23835400000,289400000,3481200000,1523900000,29556600000
2003,2,East Midlands,E12000004,31260,19424,222600000,264700000,19560500000,216500000,3041200000,1978900000,25061900000
2003,3,Scotland,S92000003,59489,36965,154700000,203500000,20647100000,401600000,3154000000,1560100000,25966200000
2003,4,Wales,W92000004,33132,20587,85200000,151200000,13099000000,176600000,2012700000,767500000,16207000000
2003,5,North West,E12000002,36778,22853,276700000,294000000,27173700000,359400000,3727100000,2132200000,33686400000
2003,6,London,E12000007,14713,9142,337000000,533100000,16445300000,361600000,2434500000,673600000,20448100000
2003,7,East of England,E12000006,39423,24496,414400000,382200000,26457600000,306700000,4052800000,2150000000,33349300000
2003,8,Yorkshire and The Humber,E12000003,31762,19736,261100000,251300000,19626200000,268700000,3107800000,1831000000,25084900000
2003,9,South East,E12000008,47587,29569,489300000,594300000,42441800000,404300000,5878400000,2585800000,51904600000
2003,10,West Midlands,E12000005,32438,20156,216600000,257500000,23225900000,325100000,3463700000,1951200000,29223400000
2003,11,North East,E12000001,16132,10024,100000000,88200000,9438500000,193200000,1309500000,523500000,11552900000
2004,1,South West,E12000009,49299,30633,228100000,398700000,24119300000,275300000,3686500000,1551400000,30031300000
2004,2,East Midlands,E12000004,30790,19132,204200000,243700000,19816400000,213100000,3206100000,2062500000,25541800000
2004,3,Scotland,S92000003,56715,35241,137300000,188400000,20609600000,358200000,3235500000,1617100000,26008900000
2004,4,Wales,W92000004,33179,20616,79800000,141100000,13393500000,166700000,2108700000,793900000,16603800000
2004,5,North West,E12000002,36447,22647,253400000,260600000,27519900000,345000000,3907200000,2201600000,34234300000
2004,6,London,E12000007,14681,9122,324400000,498400000,16383700000,372400000,2428700000,680400000,20363500000
2004,7,East of England,E12000006,39189,24351,384900000,347100000,26663500000,291400000,4276200000,2217400000,33795500000
2004,8,Yorkshire and The Humber,E12000003,31855,19794,240200000,229000000,19984000000,262300000,3318800000,1896100000,25690300000
2004,9,South East,E12000008,47291,29385,449300000,533600000,42446700000,390100000,6124400000,2644100000,52138900000
2004,10,West Midlands,E12000005,32392,20127,200800000,229800000,23538400000,317200000,3630200000,2012900000,29728500000
2004,11,North East,E12000001,15836,9840,92500000,80600000,9410300000,181800000,1373300000,522600000,11568800000
2005,1,South West,E12000009,49215,30581,238200000,426100000,24521800000,273600000,3855000000,1551000000,30627500000
2005,2,East Midlands,E12000004,30858,19174,214000000,251900000,19841700000,208800000,3240800000,2054500000,25597700000
2005,3,Scotland,S92000003,56863,35333,144000000,190200000,20511500000,354400000,3346900000,1632100000,26035000000
2005,4,Wales,W92000004,33233,20650,84100000,149300000,13240500000,165100000,2167200000,795100000,16517200000
2005,5,North West,E12000002,36531,22699,261500000,274200000,27219100000,345000000,3971000000,2182100000,33991400000
2005,6,London,E12000007,14741,9160,365200000,521500000,16355500000,374100000,2483300000,688300000,20422700000
2005,7,East of England,E12000006,39136,24318,402800000,365400000,26485900000,283900000,4420000000,2165600000,33720800000
2005,8,Yorkshire and The Humber,E12000003,31907,19826,249000000,245400000,19985500000,260000000,3440500000,1874900000,25806400000
2005,9,South East,E12000008,47242,29355,468500000,564500000,42004400000,376500000,6258400000,2596500000,51800300000
2005,10,West Midlands,E12000005,32439,20157,210900000,241200000,23594700000,315600000,3763900000,1956500000,29871800000
2005,11,North East,E12000001,15840,9843,96200000,82600000,9291400000,175400000,1395700000,508000000,11453100000
2006,1,South West,E12000009,49943,31033,249200000,402800000,25085200000,293300000,4014900000,1532200000,31328600000
2006,2,East Midlands,E12000004,31257,19422,223300000,236600000,20178700000,218500000,3336300000,2082500000,26052600000
2006,3,Scotland,S92000003,59499,36971,154000000,183500000,21086800000,368100000,3527500000,1682400000,26848200000
2006,4,Wales,W92000004,33847,21032,87700000,142800000,13528600000,174900000,2249600000,791000000,16886800000
2006,5,North West,E12000002,36881,22917,273200000,256500000,27381800000,354500000,4118600000,2184400000,34295700000
2006,6,London,E12000007,14746,9163,392600000,533100000,16333900000,400300000,2743000000,671300000,20681700000
2006,7,East of England,E12000006,39800,24731,419100000,345900000,26769400000,296200000,4577700000,2164800000,34154100000
2006,8,Yorkshire and The Humber,E12000003,32107,19950,258800000,231800000,20336300000,269300000,3576200000,1895600000,26309300000
2006,9,South East,E12000008,47408,29458,485700000,530000000,42108800000,396400000,6446900000,2603600000,52085800000
2006,10,West Midlands,E12000005,32739,20343,218700000,227200000,23842600000,316500000,3859600000,1962900000,30208800000
2006,11,North East,E12000001,16156,10039,99600000,77900000,9331900000,169400000,1439500000,502900000,11521600000
2007,1,South West,E12000009,50063,31108,229400000,439000000,25202000000,304600000,4264600000,1565800000,31776000000
2007,2,East Midlands,E12000004,31204,19389,203200000,256600000,20293400000,225000000,3514600000,2097200000,26386900000
2007,3,Scotland,S92000003,59578,37020,141800000,197500000,21129100000,392900000,3751300000,1720200000,27191000000
2007,4,Wales,W92000004,33861,21040,80900000,151500000,13601500000,178700000,2348200000,810100000,17090000000
2007,5,North West,E12000002,36913,22937,248200000,270500000,27362200000,353400000,4258700000,2186000000,34430800000
2007,6,London,E12000007,14784,9186,364100000,569400000,16185100000,403100000,2823300000,660500000,20641400000
2007,7,East of England,E12000006,39943,24819,383500000,365700000,26955400000,308600000,4884000000,2177800000,34691500000
2007,8,Yorkshire and The Humber,E12000003,32135,19968,235500000,250100000,20435000000,278000000,3756500000,1900400000,26620100000
2007,9,South East,E12000008,47422,29467,444600000,560200000,42045800000,384800000,6690000000,2633400000,52314200000
2007,10,West Midlands,E12000005,32772,20364,199700000,246500000,23956400000,325200000,4039100000,1969800000,30537000000
2007,11,North East,E12000001,16196,10064,91200000,84600000,9331400000,176500000,1522900000,500200000,11615500000
2008,1,South West,E12000009,49985,31059,259500000,420300000,25529900000,291500000,4351500000,1515800000,32109100000
2008,2,East Midlands,E12000004,31221,19400,228500000,240100000,20135100000,209700000,3530400000,2010400000,26125700000
2008,3,Scotland,S92000003,59642,37060,161400000,191400000,21016500000,381500000,3763200000,1701700000,27054300000
2008,4,Wales,W92000004,33858,21038,91700000,145300000,13532500000,170500000,2366700000,797100000,17012200000
2008,5,North West,E12000002,36901,22929,282900000,248500000,27180600000,324200000,4189700000,2200100000,34143100000
2008,6,London,E12000007,14796,9194,385900000,493800000,16003800000,389000000,2678700000,668100000,20233400000
2008,7,East of England,E12000006,39653,24639,426000000,337100000,26835100000,279900000,4918000000,2103600000,34473700000
2008,8,Yorkshire and The Humber,E12000003,32096,19944,265600000,232500000,20213200000,254300000,3671000000,1868800000,26239900000
2008,9,South East,E12000008,47306,29395,501300000,513100000,41366300000,353900000,6664200000,2542700000,51440300000
2008,10,West Midlands,E12000005,32804,20383,225200000,225800000,23856400000,300000000,3980100000,1920500000,30282900000
2008,11,North East,E12000001,16195,10063,102200000,78700000,9162300000,163100000,1513700000,497600000,11415300000
2009,1,South West,E12000009,49936,31029,274100000,428900000,25476800000,293600000,4290800000,1387500000,31877600000
2009,2,East Midlands,E12000004,31287,19441,240500000,244600000,20176600000,209600000,3482800000,1822200000,25935800000
2009,3,Scotland,S92000003,59390,36903,170300000,195700000,21044600000,384600000,3693000000,1582200000,26900200000
2009,4,Wales,W92000004,33851,21034,96700000,146600000,13372000000,169800000,2326900000,723900000,16739200000
2009,5,North West,E12000002,36980,22978,296900000,253200000,27213800000,322200000,4072500000,2063400000,33925100000
2009,6,London,E12000007,14801,9197,390000000,490300000,16043000000,389800000,2562000000,626600000,20111600000
2009,7,East of England,E12000006,39605,24609,444400000,340500000,26837100000,275600000,4801400000,1963000000,34217700000
2009,8,Yorkshire and The Humber,E12000003,32054,19917,278300000,236200000,20099800000,252600000,3575900000,1693600000,25858100000
2009,9,South East,E12000008,47482,29504,525500000,525100000,40953500000,340200000,6547300000,2297200000,50663300000
2009,10,West Midlands,E12000005,32835,20403,235900000,231400000,23667700000,295200000,3883600000,1752600000,29830400000
2009,11,North East,E12000001,16197,10064,107500000,79400000,9057400000,159400000,1470000000,445300000,11211500000
2010,1,South West,E12000009,49904,31009,279800000,378900000,25070700000,289500000,4354700000,1373800000,31467500000
2010,2,East Midlands,E12000004,31303,19451,243900000,218000000,19994900000,210300000,3562700000,1824200000,25810100000
2010,3,Scotland,S92000003,59291,36842,177100000,178600000,20703100000,396000000,3779800000,1583700000,26641200000
2010,4,Wales,W92000004,33836,21025,99900000,130800000,13123800000,170600000,2370700000,712400000,16508300000
2010,5,North West,E12000002,36961,22967,298100000,231700000,26677800000,335100000,4068100000,2066100000,33378700000
2010,6,London,E12000007,14819,9208,395800000,452200000,15844200000,385700000,2535400000,634400000,19852000000
2010,7,East of England,E12000006,39609,24612,449300000,303100000,26074300000,272000000,4805100000,1986500000,33441000000
2010,8,Yorkshire and The Humber,E12000003,31967,19863,279700000,212500000,19768300000,254000000,3602500000,1706800000,25544100000
2010,9,South East,E12000008,47554,29549,527800000,474300000,40288100000,342600000,6655700000,2320700000,50081400000
2010,10,West Midlands,E12000005,32831,20400,238200000,209200000,23196300000,300100000,3950400000,1774700000,29430700000
2010,11,North East,E12000001,16168,10046,107100000,71600000,8883500000,160800000,1486400000,441000000,11043300000
2011,1,South West,E12000009,49897,31005,287500000,392600000,25075000000,264200000,4382400000,1351300000,31465400000
2011,2,East Midlands,E12000004,31311,19456,250100000,224600000,20131200000,192900000,3495400000,1787300000,25831300000
2011,3,Scotland,S92000003,59288,36840,180900000,182200000,20706200000,370700000,3789900000,1541700000,26590600000
2011,4,Wales,W92000004,33830,21021,102100000,136500000,13198600000,155600000,2388400000,683400000,16562300000
2011,5,North West,E12000002,36942,22955,307100000,233400000,26925100000,309800000,4262600000,1932300000,33663200000
2011,6,London,E12000007,14800,9196,392100000,435300000,15525400000,374000000,2529300000,631300000,19495300000
2011,7,East of England,E12000006,39632,24626,461500000,312500000,26329200000,245400000,4861400000,1931300000,33679900000
2011,8,Yorkshire and The Humber,E12000003,31959,19858,286000000,219000000,19894400000,234300000,3661800000,1669800000,25679300000
2011,9,South East,E12000008,47615,29587,543500000,480200000,40656200000,319600000,6725600000,2265300000,50446900000
2011,10,West Midlands,E12000005,32851,20413,244400000,210100000,23561600000,271800000,3963200000,1749100000,29755800000
2011,11,North East,E12000001,16161,10042,110200000,72000000,8955900000,147300000,1497700000,443800000,11116700000
2012,1,South West,E12000009,49977,31054,310400000,340000000,24968000000,262900000,4502300000,1324000000,31397100000
2012,2,East Midlands,E12000004,31358,19485,268000000,198300000,20299300000,195400000,3593400000,1756600000,26043000000
2012,3,Scotland,S92000003,59384,36900,200400000,164100000,20847800000,379200000,3898800000,1537800000,26827800000
2012,4,Wales,W92000004,33857,21038,112900000,122200000,13209400000,158400000,2453600000,671800000,16615400000
2012,5,North West,E12000002,36992,22986,321300000,209200000,26744500000,309100000,4409100000,1812200000,33484100000
2012,6,London,E12000007,14815,9206,395600000,409200000,15344900000,378500000,2552600000,655300000,19340500000
2012,7,East of England,E12000006,39709,24674,492800000,273900000,26497800000,246900000,4946500000,1863500000,33828600000
2012,8,Yorkshire and The Humber,E12000003,32015,19893,304100000,193900000,19752400000,235700000,3706100000,1643000000,25531100000
2012,9,South East,E12000008,47700,29639,573100000,430600000,40645500000,318800000,6894000000,2205000000,50493900000
2012,10,West Midlands,E12000005,32890,20437,261000000,185400000,23609600000,273800000,4023300000,1745900000,29838100000
2012,11,North East,E12000001,16199,10066,115300000,64100000,8999800000,149800000,1513800000,431800000,11159200000
2013,1,South West,E12000009,50053,31101,303100000,354800000,25098500000,258800000,4560800000,1332900000,31605800000
2013,2,East Midlands,E12000004,31426,19527,259900000,207900000,20313500000,193100000,3681900000,1795800000,26192300000
2013,3,Scotland,S92000003,59474,36955,198100000,172400000,20903000000,376100000,3962700000,1548500000,26962700000
2013,4,Wales,W92000004,33894,21061,110600000,128500000,13345200000,157700000,2493400000,673500000,16798300000
2013,5,North West,E12000002,37027,23008,311500000,214300000,26809900000,301000000,4499800000,1809700000,33634700000
2013,6,London,E12000007,14830,9215,374100000,392000000,15295400000,363100000,2618500000,645500000,19314500000
2013,7,East of England,E12000006,39765,24709,476300000,281400000,26653300000,242300000,4992200000,1891100000,34060200000
2013,8,Yorkshire and The Humber,E12000003,32049,19914,293900000,202100000,19829600000,230200000,3779800000,1676500000,25718100000
2013,9,South East,E12000008,47790,29695,553600000,438500000,40528600000,311600000,6983700000,2213100000,50475400000
2013,10,West Midlands,E12000005,32928,20461,252000000,190300000,23506900000,264100000,4115900000,1744600000,29821900000
2013,11,North East,E12000001,16224,10081,111300000,65100000,8999200000,143600000,1537400000,429700000,11175000000
2014,1,South West,E12000009,50097,31129,337100000,368200000,25765300000,265300000,4840500000,1363100000,32602400000
2014,2,East Midlands,E12000004,31445,19539,288400000,213300000,20736900000,195100000,3893100000,1837600000,26876100000
2014,3,Scotland,S92000003,59408,36914,222500000,179200000,21308700000,377800000,4194100000,1540100000,27599800000
2014,4,Wales,W92000004,33917,21075,126200000,136300000,13833500000,159300000,2640300000,679000000,17448400000
2014,5,North West,E12000002,37026,23007,339100000,218900000,27384000000,298500000,4770800000,1841200000,34513500000
2014,6,London,E12000007,14843,9223,411200000,407800000,15488600000,355400000,2785400000,643200000,19680400000
2014,7,East of England,E12000006,39807,24735,530100000,290400000,27322600000,243800000,5333200000,1927500000,35117500000
2014,8,Yorkshire and The Humber,E12000003,32034,19905,323500000,207300000,20399600000,232900000,3992800000,1735800000,26568400000
2014,9,South East,E12000008,47846,29730,609000000,454100000,41423400000,313900000,7410200000,2305700000,51907200000
2014,10,West Midlands,E12000005,32959,20480,279200000,195700000,24089400000,263400000,4318700000,1865200000,30732500000
2014,11,North East,E12000001,16239,10090,120000000,67300000,9175100000,143800000,1623700000,434100000,11443900000
2015,1,South West,E12000009,50094,31127,313900000,366300000,26091900000,251300000,5075200000,1405300000,33190000000
2015,2,East Midlands,E12000004,31483,19563,268800000,212300000,21040200000,184100000,4087100000,1901000000,27424600000
2015,3,Scotland,S92000003,59345,36875,205700000,176900000,21496900000,364500000,4390400000,1560000000,27988600000
2015,4,Wales,W92000004,33881,21053,119400000,138300000,14109300000,149700000,2774300000,686200000,17857900000
2015,5,North West,E12000002,37032,23011,317600000,220700000,27638100000,287400000,4997700000,1895400000,35039400000
2015,6,London,E12000007,14796,9194,408500000,416400000,15407100000,343100000,2820200000,663400000,19650200000
2015,7,East of England,E12000006,39882,24782,492800000,292200000,27775100000,230800000,5596700000,2051300000,35946100000
2015,8,Yorkshire and The Humber,E12000003,32018,19895,300400000,206700000,20719500000,222700000,4176500000,1790900000,27116200000
2015,9,South East,E12000008,47897,29762,568700000,454300000,42370500000,303500000,7775400000,2435800000,53339600000
2015,10,West Midlands,E12000005,33009,20511,259900000,196900000,24389300000,249700000,4460000000,1939600000,31235400000
2015,11,North East,E12000001,16266,10107,112800000,66200000,9273000000,136100000,1681300000,443700000,11600400000
2016,1,South West,E12000009,50272,31238,309300000,374100000,26877800000,236000000,5440500000,1410500000,34338900000
2016,2,East Midlands,E12000004,31619,19647,271500000,193700000,21640400000,218900000,4181600000,1955400000,28190000000
2016,3,Scotland,S92000003,59365,36888,180400000,165500000,22051300000,319500000,4797900000,1592100000,28926200000
2016,4,Wales,W92000004,33926,21081,115500000,136700000,14631800000,129600000,2975600000,691500000,18565300000
2016,5,North West,E12000002,37113,23061,285300000,214800000,27725100000,271200000,5139200000,1903100000,35253400000
2016,6,London,E12000007,14834,9217,506300000,473600000,15421400000,325400000,3224400000,638200000,20083000000
2016,7,East of England,E12000006,40013,24863,506400000,284200000,28162600000,222100000,5830600000,2095200000,36594800000
2016,8,Yorkshire and The Humber,E12000003,32080,19934,258900000,196800000,21382900000,206900000,4443600000,1796300000,28026500000
2016,9,South East,E12000008,48069,29869,563100000,468600000,42887200000,290200000,8195800000,2442400000,54284200000
2016,10,West Midlands,E12000005,33144,20595,253700000,196900000,24707000000,263200000,4769400000,1960300000,31896700000
2016,11,North East,E12000001,16285,10119,112000000,64100000,9337000000,129200000,1790400000,446600000,11767200000
2017,1,South West,E12000009,50356,31290,333100000,339300000,27670000000,228600000,5633700000,1431900000,35303500000
2017,2,East Midlands,E12000004,31689,19691,279800000,189900000,22002700000,230900000,4267500000,1974600000,28665500000
2017,3,Scotland,S92000003,59285,36838,182500000,173900000,22416500000,326000000,5130700000,1624300000,29671400000
2017,4,Wales,W92000004,33859,21039,111500000,141800000,14591200000,124300000,3083300000,703800000,18644400000
2017,5,North West,E12000002,37147,23082,293300000,221800000,27873300000,208200000,5178900000,1914400000,35396500000
2017,6,London,E12000007,14842,9222,500500000,468800000,15397800000,314800000,3268100000,605900000,20055400000
2017,7,East of England,E12000006,40052,24887,525300000,312800000,29051500000,213000000,6162100000,2144200000,37883600000
2017,8,Yorkshire and The Humber,E12000003,32099,19945,309200000,196400000,21404300000,206500000,4456600000,1815100000,28078900000
2017,9,South East,E12000008,48179,29937,596400000,448300000,43150300000,275900000,8278700000,2461800000,54615000000
2017,10,West Midlands,E12000005,33196,20627,218200000,177800000,24932500000,247500000,4843200000,1998200000,32199200000
2017,11,North East,E12000001,16334,10149,114200000,73800000,9458400000,154200000,1847500000,456400000,11990300000
2018,1,South West,E12000009,50316,31265,357800000,320200000,27672500000,220800000,5627100000,1434900000,35275400000
2018,2,East Midlands,E12000004,31707,19702,270000000,210400000,22171100000,225500000,4318800000,1991700000,28917600000
2018,3,Scotland,S92000003,59301,36848,193200000,175500000,22554900000,289800000,5106700000,1621800000,29748600000
2018,4,Wales,W92000004,33829,21020,116300000,163700000,14761100000,122000000,3179300000,702600000,18928600000
2018,5,North West,E12000002,37214,23124,319300000,209300000,28260800000,198500000,5264400000,1903500000,35836500000
2018,6,London,E12000007,14808,9201,518000000,463400000,15360300000,311400000,3259900000,597900000,19992900000
2018,7,East of England,E12000006,40003,24857,493500000,292600000,28935300000,207900000,6226400000,2184100000,37846200000
2018,8,Yorkshire and The Humber,E12000003,32011,19891,311000000,186700000,21901400000,203100000,4459900000,1824600000,28575600000
2018,9,South East,E12000008,48243,29977,606800000,440000000,42884900000,269400000,8427000000,2466900000,54488100000
2018,10,West Midlands,E12000005,33224,20644,228600000,182400000,24973200000,228000000,4985200000,2002200000,32371000000
2018,11,North East,E12000001,16365,10169,105200000,73800000,9646900000,151100000,1902100000,458600000,12232400000
2019,1,South West,E12000009,50374,31301,363700000,321500000,28297800000,220200000,5737600000,1456500000,36033500000
2019,2,East Midlands,E12000004,31780,19747,287200000,193300000,22657400000,223600000,4409200000,2005300000,29488800000
2019,3,Scotland,S92000003,59353,36880,227000000,181100000,22790300000,319500000,5143100000,1607600000,30041600000
2019,4,Wales,W92000004,33838,21026,128400000,133400000,14937300000,115100000,3194400000,701000000,19081200000
2019,5,North West,E12000002,37288,23170,335700000,196500000,28876400000,199000000,5414200000,1895100000,36581200000
2019,6,London,E12000007,14815,9206,467800000,493200000,15628900000,280300000,3264400000,597500000,20264400000
2019,7,East of England,E12000006,40048,24885,528000000,285400000,29013700000,206800000,6289400000,2169400000,37964800000
2019,8,Yorkshire and The Humber,E12000003,32020,19896,333900000,182500000,22116000000,191800000,4576100000,1889200000,28955600000
2019,9,South East,E12000008,48385,30065,623000000,447000000,43210500000,270000000,8513800000,2446500000,54887700000
2019,10,West Midlands,E12000005,33293,20687,229800000,168400000,25258100000,176400000,4996000000,1999100000,32597900000
2019,11,North East,E12000001,16402,10192,103800000,67300000,10100800000,153100000,1933100000,445200000,12699500000
2020,1,South West,E12000009,50508,31384,482200000,246900000,20960700000,143800000,5157800000,1325500000,27834700000
2020,2,East Midlands,E12000004,31876,19807,411200000,153100000,17126900000,187500000,4018900000,1879300000,23365700000
2020,3,Scotland,S92000003,59274,36831,370700000,136200000,16797100000,234600000,4596700000,1403900000,23168500000
2020,4,Wales,W92000004,33851,21034,210000000,111300000,10966800000,74300000,2782800000,637900000,14573100000
2020,5,North West,E12000002,37351,23209,437800000,154000000,21937900000,129300000,5066400000,1835100000,29122800000
2020,6,London,E12000007,14806,9200,697700000,463500000,12453500000,226100000,2877500000,593000000,16613600000
2020,7,East of England,E12000006,40218,24990,708700000,223700000,22044800000,130200000,5873100000,2107600000,30379300000
2020,8,Yorkshire and The Humber,E12000003,32095,19943,539700000,146500000,16883900000,118600000,4162200000,1812200000,23123400000
2020,9,South East,E12000008,48548,30166,950600000,348500000,31854700000,162900000,7768700000,2283900000,42418700000
2020,10,West Midlands,E12000005,33396,20751,332100000,129400000,18621600000,92300000,4458700000,1922000000,25224000000
2020,11,North East,E12000001,16437,10213,158200000,50300000,7676500000,128500000,1811600000,402800000,10069800000
2021,1,South West,E12000009,50566,31420,385400000,286400000,23913500000,164100000,5794500000,1450800000,31609400000
2021,2,East Midlands,E12000004,31954,19855,331800000,186100000,19227200000,200700000,4576200000,2073700000,26263800000
2021,3,Scotland,S92000003,59262,36824,270300000,151200000,19301900000,263600000,5433600000,1553200000,26703400000
2021,4,Wales,W92000004,33831,21022,176800000,123500000,12383000000,91900000,3192200000,695500000,16486000000
2021,5,North West,E12000002,37404,23242,381000000,169600000,24620000000,140700000,5627800000,1938500000,32496600000
2021,6,London,E12000007,14808,9201,647200000,607600000,13983400000,239000000,2987800000,635500000,18453300000
2021,7,East of England,E12000006,40294,25038,523100000,260100000,24596800000,155200000,6551200000,2164500000,33727900000
2021,8,Yorkshire and The Humber,E12000003,32124,19961,377900000,157600000,18534600000,136800000,4611100000,1956700000,25396700000
2021,9,South East,E12000008,48680,30248,725400000,377300000,35284900000,184100000,8622100000,2436800000,46905200000
2021,10,West Midlands,E12000005,33454,20787,268700000,148900000,20912700000,110700000,4994600000,2134100000,28301000000
2021,11,North East,E12000001,16461,10228,111000000,62400000,8601300000,119600000,1985400000,446600000,11215300000
2022,1,South West,E12000009,49827,30961,344600000,317600000,25812400000,169800000,6156900000,1413100000,33869900000
2022,2,East Midlands,E12000004,31200,19387,294300000,200200000,21415100000,204800000,4875300000,2065300000,28760700000
2022,3,Scotland,S92000003,59409,36915,262300000,168900000,21359700000,293700000,5798900000,1556800000,29177900000
2022,4,Wales,W92000004,33883,21054,144200000,136400000,13818300000,110200000,3407400000,681300000,18153600000
2022,5,North West,E12000002,36820,22879,364100000,186100000,26912000000,156700000,5970400000,1897600000,35122700000
2022,6,London,E12000007,14813,9204,605800000,701600000,14459500000,247800000,3031900000,648600000,19089300000
2022,7,East of England,E12000006,39580,24594,507600000,298700000,27473800000,164700000,6946100000,2188300000,37071600000
2022,8,Yorkshire and The Humber,E12000003,31182,19376,364100000,168100000,20294300000,155500000,4731500000,1925000000,27274400000
2022,9,South East,E12000008,48219,29962,655500000,421000000,39319900000,198800000,9227100000,2453300000,51620200000
2022,10,West Midlands,E12000005,33195,20626,238000000,172700000,23572600000,120100000,5281500000,2111300000,31258200000
2022,11,North East,E12000001,16360,10166,117500000,66200000,9556400000,128900000,2086800000,440200000,12278500000
2023,1,South West,E12000009,49936,31029,317000000,319000000,26570500000,167300000,6239600000,1387100000,34683400000
2023,2,East Midlands,E12000004,31304,19451,268600000,195300000,22058800000,197100000,4905200000,2016100000,29372600000
2023,3,Scotland,S92000003,59530,36990,250300000,169400000,21979300000,281800000,5896100000,1510600000,29837200000
2023,4,Wales,W92000004,33918,21076,119800000,129600000,14263800000,109500000,3339800000,656400000,18499100000
2023,5,North West,E12000002,36920,22941,325500000,177600000,27723700000,154500000,6021400000,1839300000,35916400000
2023,6,London,E12000007,14817,9207,627800000,742100000,14591000000,253000000,2989500000,621000000,19196700000
2023,7,East of England,E12000006,39713,24677,451500000,299400000,28290700000,162000000,6990700000,2158400000,37901200000
2023,8,Yorkshire and The Humber,E12000003,31260,19424,325200000,158400000,20907300000,151700000,4785700000,1875700000,27878900000
2023,9,South East,E12000008,48374,30058,603200000,428700000,40593600000,198700000,9206100000,2396000000,52823100000
2023,10,West Midlands,E12000005,33279,20679,217600000,166900000,24387700000,120800000,5290300000,2054800000,32020500000
2023,11,North East,E12000001,16404,10193,105700000,64200000,9933300000,122100000,2118900000,428900000,12667400000
2024,1,South West,E12000009,50060,31106,300000000,324300000,26973900000,170300000,6334700000,1326700000,35129900000
2024,2,East Midlands,E12000004,31461,19549,253600000,195800000,22441400000,197900000,4965700000,1996900000,29797700000
2024,3,Scotland,S92000003,59687,37088,237800000,171300000,22438600000,283600000,5992300000,1518000000,30403800000
2024,4,Wales,W92000004,33960,21102,113200000,132400000,14494300000,111600000,3351400000,663400000,18753000000
2024,5,North West,E12000002,37068,23033,309600000,179600000,28589100000,159800000,6030600000,1827300000,36786400000
2024,6,London,E12000007,14825,9212,697800000,815300000,14726900000,258100000,3072300000,559900000,19432600000
2024,7,East of England,E12000006,39882,24782,427000000,301600000,28721900000,163500000,6958200000,2136400000,38281600000
2024,8,Yorkshire and The Humber,E12000003,31345,19477,307800000,158700000,21202600000,153500000,4872200000,1836000000,28223000000
2024,9,South East,E12000008,48564,30176,571400000,437800000,41333100000,204100000,9305800000,2320200000,53600900000
2024,10,West Midlands,E12000005,33396,20751,206000000,168400000,24972700000,123000000,5480100000,2001400000,32745600000
2024,11,North East,E12000001,16485,10243,100600000,66100000,10235200000,125000000,2169800000,426200000,13022300000
2025,1,South West,E12000009,50168,31173,309000000,334000000,27594900000,173600000,6377100000,1311500000,35791200000
2025,2,East Midlands,E12000004,31607,19640,262000000,204100000,23064900000,201100000,5008700000,1971700000,30450500000
2025,3,Scotland,S92000003,59806,37162,245800000,176800000,22768800000,284300000,6053500000,1517200000,30800500000
2025,4,Wales,W92000004,34010,21133,116700000,138000000,14924900000,112900000,3333500000,675400000,19184700000
2025,5,North West,E12000002,37167,23095,318700000,185000000,29421000000,163300000,6083500000,1805700000,37658500000
2025,6,London,E12000007,14846,9225,758900000,817500000,14915600000,262800000,3136500000,517100000,19649500000
2025,7,East of England,E12000006,40043,24882,440000000,309900000,29657900000,169300000,6872600000,2131400000,39141100000
2025,8,Yorkshire and The Humber,E12000003,31428,19528,317600000,163500000,21698300000,154500000,4910400000,1796200000,28722900000
2025,9,South East,E12000008,48751,30292,589000000,449000000,42358900000,215100000,9216900000,2271200000,54511100000
2025,10,West Midlands,E12000005,33477,20802,212000000,173400000,25444900000,122700000,5576800000,1910400000,33228300000
2025,11,North East,E12000001,16552,10285,103700000,68200000,10561200000,126800000,2230600000,426000000,13412700000
